s70.Healthy_greaterthan5.Feces.Week_8,/mnt/isilon/zackular_lab_hpc/data/DYNAMIC_metagenomics_2020/raw_fastq/s70.Healthy_greaterthan5.Feces.Week_8_1.fastq.gz,/mnt/isilon/zackular_lab_hpc/data/DYNAMIC_metagenomics_2020/raw_fastq/s70.Healthy_greaterthan5.Feces.Week_8_2.fastq.gz
s48,/mnt/isilon/zackular_lab_hpc/data/DYNAMIC_metagenomics_2020/raw_fastq/s48_1.fastq.gz,/mnt/isilon/zackular_lab_hpc/data/DYNAMIC_metagenomics_2020/raw_fastq/s48_2.fastq.gz
s.265.IBD_C.Diff.Feces.Week_4,/mnt/isilon/zackular_lab_hpc/data/DYNAMIC_metagenomics_2020/raw_fastq/s.265.IBD_C.Diff.Feces.Week_4_1.fastq.gz,/mnt/isilon/zackular_lab_hpc/data/DYNAMIC_metagenomics_2020/raw_fastq/s.265.IBD_C.Diff.Feces.Week_4_2.fastq.gz
s32.C_diff.Feces.Visit3,/mnt/isilon/zackular_lab_hpc/data/DYNAMIC_metagenomics_2020/raw_fastq/s32.C_diff.Feces.Visit3_1.fastq.gz,/mnt/isilon/zackular_lab_hpc/data/DYNAMIC_metagenomics_2020/raw_fastq/s32.C_diff.Feces.Visit3_2.fastq.gz
s.190.Healthy.Antibiotics.Feces.Week.8,/mnt/isilon/zackular_lab_hpc/data/DYNAMIC_metagenomics_2020/raw_fastq/s.190.Healthy.Antibiotics.Feces.Week.8_1.fastq.gz,/mnt/isilon/zackular_lab_hpc/data/DYNAMIC_metagenomics_2020/raw_fastq/s.190.Healthy.Antibiotics.Feces.Week.8_2.fastq.gz
s.277.IBDTherapy.Feces.Week8,/mnt/isilon/zackular_lab_hpc/data/DYNAMIC_metagenomics_2020/raw_fastq/s.277.IBDTherapy.Feces.Week8_1.fastq.gz,/mnt/isilon/zackular_lab_hpc/data/DYNAMIC_metagenomics_2020/raw_fastq/s.277.IBDTherapy.Feces.Week8_2.fastq.gz
s152.Healthy.Antibiotics.Feces.Baseline,/mnt/isilon/zackular_lab_hpc/data/DYNAMIC_metagenomics_2020/raw_fastq/s152.Healthy.Antibiotics.Feces.Baseline_1.fastq.gz,/mnt/isilon/zackular_lab_hpc/data/DYNAMIC_metagenomics_2020/raw_fastq/s152.Healthy.Antibiotics.Feces.Baseline_2.fastq.gz
s39.VEO.Feces.Week_8,/mnt/isilon/zackular_lab_hpc/data/DYNAMIC_metagenomics_2020/raw_fastq/s39.VEO.Feces.Week_8_1.fastq.gz,/mnt/isilon/zackular_lab_hpc/data/DYNAMIC_metagenomics_2020/raw_fastq/s39.VEO.Feces.Week_8_2.fastq.gz
s.244.VEO.Stool.2.1952,/mnt/isilon/zackular_lab_hpc/data/DYNAMIC_metagenomics_2020/raw_fastq/s.244.VEO.Stool.2.1952_1.fastq.gz,/mnt/isilon/zackular_lab_hpc/data/DYNAMIC_metagenomics_2020/raw_fastq/s.244.VEO.Stool.2.1952_2.fastq.gz
s.359.IBDC.Diff.Stool.2.2872,/mnt/isilon/zackular_lab_hpc/data/DYNAMIC_metagenomics_2020/raw_fastq/s.359.IBDC.Diff.Stool.2.2872_1.fastq.gz,/mnt/isilon/zackular_lab_hpc/data/DYNAMIC_metagenomics_2020/raw_fastq/s.359.IBDC.Diff.Stool.2.2872_2.fastq.gz
s.175.VEO.Feces.Week_4,/mnt/isilon/zackular_lab_hpc/data/DYNAMIC_metagenomics_2020/raw_fastq/s.175.VEO.Feces.Week_4_1.fastq.gz,/mnt/isilon/zackular_lab_hpc/data/DYNAMIC_metagenomics_2020/raw_fastq/s.175.VEO.Feces.Week_4_2.fastq.gz
s.355.IBD.Antibiotics.Stool.3.2867,/mnt/isilon/zackular_lab_hpc/data/DYNAMIC_metagenomics_2020/raw_fastq/s.355.IBD.Antibiotics.Stool.3.2867_1.fastq.gz,/mnt/isilon/zackular_lab_hpc/data/DYNAMIC_metagenomics_2020/raw_fastq/s.355.IBD.Antibiotics.Stool.3.2867_2.fastq.gz
s.362.C.DiffOncology.Stool.1.2878,/mnt/isilon/zackular_lab_hpc/data/DYNAMIC_metagenomics_2020/raw_fastq/s.362.C.DiffOncology.Stool.1.2878_1.fastq.gz,/mnt/isilon/zackular_lab_hpc/data/DYNAMIC_metagenomics_2020/raw_fastq/s.362.C.DiffOncology.Stool.1.2878_2.fastq.gz
s40.IBD.Therapy.Feces.Week.4,/mnt/isilon/zackular_lab_hpc/data/DYNAMIC_metagenomics_2020/raw_fastq/s40.IBD.Therapy.Feces.Week.4_1.fastq.gz,/mnt/isilon/zackular_lab_hpc/data/DYNAMIC_metagenomics_2020/raw_fastq/s40.IBD.Therapy.Feces.Week.4_2.fastq.gz
s.204.Healthy.Antibiotics.Feces.Week.4,/mnt/isilon/zackular_lab_hpc/data/DYNAMIC_metagenomics_2020/raw_fastq/s.204.Healthy.Antibiotics.Feces.Week.4_1.fastq.gz,/mnt/isilon/zackular_lab_hpc/data/DYNAMIC_metagenomics_2020/raw_fastq/s.204.Healthy.Antibiotics.Feces.Week.4_2.fastq.gz
s.197.Healthy.Antibiotics.Feces.Week.4,/mnt/isilon/zackular_lab_hpc/data/DYNAMIC_metagenomics_2020/raw_fastq/s.197.Healthy.Antibiotics.Feces.Week.4_1.fastq.gz,/mnt/isilon/zackular_lab_hpc/data/DYNAMIC_metagenomics_2020/raw_fastq/s.197.Healthy.Antibiotics.Feces.Week.4_2.fastq.gz
s.285.Healthylessthan5.Stool.visit1.2301,/mnt/isilon/zackular_lab_hpc/data/DYNAMIC_metagenomics_2020/raw_fastq/s.285.Healthylessthan5.Stool.visit1.2301_1.fastq.gz,/mnt/isilon/zackular_lab_hpc/data/DYNAMIC_metagenomics_2020/raw_fastq/s.285.Healthylessthan5.Stool.visit1.2301_2.fastq.gz
s152.Healthy.Antibiotics.Feces.Week.4,/mnt/isilon/zackular_lab_hpc/data/DYNAMIC_metagenomics_2020/raw_fastq/s152.Healthy.Antibiotics.Feces.Week.4_1.fastq.gz,/mnt/isilon/zackular_lab_hpc/data/DYNAMIC_metagenomics_2020/raw_fastq/s152.Healthy.Antibiotics.Feces.Week.4_2.fastq.gz
s.85.Healthy_greaterthan5.Feces.Week_8,/mnt/isilon/zackular_lab_hpc/data/DYNAMIC_metagenomics_2020/raw_fastq/s.85.Healthy_greaterthan5.Feces.Week_8_1.fastq.gz,/mnt/isilon/zackular_lab_hpc/data/DYNAMIC_metagenomics_2020/raw_fastq/s.85.Healthy_greaterthan5.Feces.Week_8_2.fastq.gz
s.355.IBD.Antibiotics.Stool.2.2866,/mnt/isilon/zackular_lab_hpc/data/DYNAMIC_metagenomics_2020/raw_fastq/s.355.IBD.Antibiotics.Stool.2.2866_1.fastq.gz,/mnt/isilon/zackular_lab_hpc/data/DYNAMIC_metagenomics_2020/raw_fastq/s.355.IBD.Antibiotics.Stool.2.2866_2.fastq.gz
s.173.VEO.Feces.Week.8,/mnt/isilon/zackular_lab_hpc/data/DYNAMIC_metagenomics_2020/raw_fastq/s.173.VEO.Feces.Week.8_1.fastq.gz,/mnt/isilon/zackular_lab_hpc/data/DYNAMIC_metagenomics_2020/raw_fastq/s.173.VEO.Feces.Week.8_2.fastq.gz
s.85.Healthy_greaterthan5.Feces.Baseline,/mnt/isilon/zackular_lab_hpc/data/DYNAMIC_metagenomics_2020/raw_fastq/s.85.Healthy_greaterthan5.Feces.Baseline_1.fastq.gz,/mnt/isilon/zackular_lab_hpc/data/DYNAMIC_metagenomics_2020/raw_fastq/s.85.Healthy_greaterthan5.Feces.Baseline_2.fastq.gz
s.155.Healthy.Antibiotics.Feces.Week.4,/mnt/isilon/zackular_lab_hpc/data/DYNAMIC_metagenomics_2020/raw_fastq/s.155.Healthy.Antibiotics.Feces.Week.4_1.fastq.gz,/mnt/isilon/zackular_lab_hpc/data/DYNAMIC_metagenomics_2020/raw_fastq/s.155.Healthy.Antibiotics.Feces.Week.4_2.fastq.gz
s097.IBD.Antibiotics.Feces.Baseline,/mnt/isilon/zackular_lab_hpc/data/DYNAMIC_metagenomics_2020/raw_fastq/s097.IBD.Antibiotics.Feces.Baseline_1.fastq.gz,/mnt/isilon/zackular_lab_hpc/data/DYNAMIC_metagenomics_2020/raw_fastq/s097.IBD.Antibiotics.Feces.Baseline_2.fastq.gz
s.347.IBDTherapy.Stool.2.2758,/mnt/isilon/zackular_lab_hpc/data/DYNAMIC_metagenomics_2020/raw_fastq/s.347.IBDTherapy.Stool.2.2758_1.fastq.gz,/mnt/isilon/zackular_lab_hpc/data/DYNAMIC_metagenomics_2020/raw_fastq/s.347.IBDTherapy.Stool.2.2758_2.fastq.gz
s.244.VEO.Stool.1.1977,/mnt/isilon/zackular_lab_hpc/data/DYNAMIC_metagenomics_2020/raw_fastq/s.244.VEO.Stool.1.1977_1.fastq.gz,/mnt/isilon/zackular_lab_hpc/data/DYNAMIC_metagenomics_2020/raw_fastq/s.244.VEO.Stool.1.1977_2.fastq.gz
s35.IBD_Therapy.Feces.Week_8,/mnt/isilon/zackular_lab_hpc/data/DYNAMIC_metagenomics_2020/raw_fastq/s35.IBD_Therapy.Feces.Week_8_1.fastq.gz,/mnt/isilon/zackular_lab_hpc/data/DYNAMIC_metagenomics_2020/raw_fastq/s35.IBD_Therapy.Feces.Week_8_2.fastq.gz
s.259.Healthy.Antibiotics.Feces.Baseline,/mnt/isilon/zackular_lab_hpc/data/DYNAMIC_metagenomics_2020/raw_fastq/s.259.Healthy.Antibiotics.Feces.Baseline_1.fastq.gz,/mnt/isilon/zackular_lab_hpc/data/DYNAMIC_metagenomics_2020/raw_fastq/s.259.Healthy.Antibiotics.Feces.Baseline_2.fastq.gz
s.346.IBD.Antibiotics.Stool.2.2753,/mnt/isilon/zackular_lab_hpc/data/DYNAMIC_metagenomics_2020/raw_fastq/s.346.IBD.Antibiotics.Stool.2.2753_1.fastq.gz,/mnt/isilon/zackular_lab_hpc/data/DYNAMIC_metagenomics_2020/raw_fastq/s.346.IBD.Antibiotics.Stool.2.2753_2.fastq.gz
s.235.C_Diff_Oncology.Feces.Week_4,/mnt/isilon/zackular_lab_hpc/data/DYNAMIC_metagenomics_2020/raw_fastq/s.235.C_Diff_Oncology.Feces.Week_4_1.fastq.gz,/mnt/isilon/zackular_lab_hpc/data/DYNAMIC_metagenomics_2020/raw_fastq/s.235.C_Diff_Oncology.Feces.Week_4_2.fastq.gz
s.109.Healthy.greaterthan5.Stool.1.910,/mnt/isilon/zackular_lab_hpc/data/DYNAMIC_metagenomics_2020/raw_fastq/s.109.Healthy.greaterthan5.Stool.1.910_1.fastq.gz,/mnt/isilon/zackular_lab_hpc/data/DYNAMIC_metagenomics_2020/raw_fastq/s.109.Healthy.greaterthan5.Stool.1.910_2.fastq.gz
s.154.VEO.Feces.Week.4,/mnt/isilon/zackular_lab_hpc/data/DYNAMIC_metagenomics_2020/raw_fastq/s.154.VEO.Feces.Week.4_1.fastq.gz,/mnt/isilon/zackular_lab_hpc/data/DYNAMIC_metagenomics_2020/raw_fastq/s.154.VEO.Feces.Week.4_2.fastq.gz
s.225.IBD_Therapy.Feces.Baseline,/mnt/isilon/zackular_lab_hpc/data/DYNAMIC_metagenomics_2020/raw_fastq/s.225.IBD_Therapy.Feces.Baseline_1.fastq.gz,/mnt/isilon/zackular_lab_hpc/data/DYNAMIC_metagenomics_2020/raw_fastq/s.225.IBD_Therapy.Feces.Baseline_2.fastq.gz
s.314.Healthy.Antibiotics.Stool.3.2567,/mnt/isilon/zackular_lab_hpc/data/DYNAMIC_metagenomics_2020/raw_fastq/s.314.Healthy.Antibiotics.Stool.3.2567_1.fastq.gz,/mnt/isilon/zackular_lab_hpc/data/DYNAMIC_metagenomics_2020/raw_fastq/s.314.Healthy.Antibiotics.Stool.3.2567_2.fastq.gz
s40.IBD.Therapy.Feces.Week.8,/mnt/isilon/zackular_lab_hpc/data/DYNAMIC_metagenomics_2020/raw_fastq/s40.IBD.Therapy.Feces.Week.8_1.fastq.gz,/mnt/isilon/zackular_lab_hpc/data/DYNAMIC_metagenomics_2020/raw_fastq/s40.IBD.Therapy.Feces.Week.8_2.fastq.gz
s.265.IBD_C.Diff.Feces.Baseline,/mnt/isilon/zackular_lab_hpc/data/DYNAMIC_metagenomics_2020/raw_fastq/s.265.IBD_C.Diff.Feces.Baseline_1.fastq.gz,/mnt/isilon/zackular_lab_hpc/data/DYNAMIC_metagenomics_2020/raw_fastq/s.265.IBD_C.Diff.Feces.Baseline_2.fastq.gz
s22.Healthy.Feces.Visit2,/mnt/isilon/zackular_lab_hpc/data/DYNAMIC_metagenomics_2020/raw_fastq/s22.Healthy.Feces.Visit2_1.fastq.gz,/mnt/isilon/zackular_lab_hpc/data/DYNAMIC_metagenomics_2020/raw_fastq/s22.Healthy.Feces.Visit2_2.fastq.gz
s.212.IBD.Feces.Week.8,/mnt/isilon/zackular_lab_hpc/data/DYNAMIC_metagenomics_2020/raw_fastq/s.212.IBD.Feces.Week.8_1.fastq.gz,/mnt/isilon/zackular_lab_hpc/data/DYNAMIC_metagenomics_2020/raw_fastq/s.212.IBD.Feces.Week.8_2.fastq.gz
s22.Healthy.Feces.Visit1,/mnt/isilon/zackular_lab_hpc/data/DYNAMIC_metagenomics_2020/raw_fastq/s22.Healthy.Feces.Visit1_1.fastq.gz,/mnt/isilon/zackular_lab_hpc/data/DYNAMIC_metagenomics_2020/raw_fastq/s22.Healthy.Feces.Visit1_2.fastq.gz
s.135.Healthy.Antibiotics.Feces.Week.8,/mnt/isilon/zackular_lab_hpc/data/DYNAMIC_metagenomics_2020/raw_fastq/s.135.Healthy.Antibiotics.Feces.Week.8_1.fastq.gz,/mnt/isilon/zackular_lab_hpc/data/DYNAMIC_metagenomics_2020/raw_fastq/s.135.Healthy.Antibiotics.Feces.Week.8_2.fastq.gz
s.201.IBD_Therapy.Feces.Week_8,/mnt/isilon/zackular_lab_hpc/data/DYNAMIC_metagenomics_2020/raw_fastq/s.201.IBD_Therapy.Feces.Week_8_1.fastq.gz,/mnt/isilon/zackular_lab_hpc/data/DYNAMIC_metagenomics_2020/raw_fastq/s.201.IBD_Therapy.Feces.Week_8_2.fastq.gz
s.154.VEO.Feces.Baseline,/mnt/isilon/zackular_lab_hpc/data/DYNAMIC_metagenomics_2020/raw_fastq/s.154.VEO.Feces.Baseline_1.fastq.gz,/mnt/isilon/zackular_lab_hpc/data/DYNAMIC_metagenomics_2020/raw_fastq/s.154.VEO.Feces.Baseline_2.fastq.gz
s.252.Healthy.Antibiotics.Feces.Baseline,/mnt/isilon/zackular_lab_hpc/data/DYNAMIC_metagenomics_2020/raw_fastq/s.252.Healthy.Antibiotics.Feces.Baseline_1.fastq.gz,/mnt/isilon/zackular_lab_hpc/data/DYNAMIC_metagenomics_2020/raw_fastq/s.252.Healthy.Antibiotics.Feces.Baseline_2.fastq.gz
s.334.Healthy.Antibiotics.Stool.2.2656,/mnt/isilon/zackular_lab_hpc/data/DYNAMIC_metagenomics_2020/raw_fastq/s.334.Healthy.Antibiotics.Stool.2.2656_1.fastq.gz,/mnt/isilon/zackular_lab_hpc/data/DYNAMIC_metagenomics_2020/raw_fastq/s.334.Healthy.Antibiotics.Stool.2.2656_2.fastq.gz
s.209.Healthy.Antibiotics.Feces.Week.4,/mnt/isilon/zackular_lab_hpc/data/DYNAMIC_metagenomics_2020/raw_fastq/s.209.Healthy.Antibiotics.Feces.Week.4_1.fastq.gz,/mnt/isilon/zackular_lab_hpc/data/DYNAMIC_metagenomics_2020/raw_fastq/s.209.Healthy.Antibiotics.Feces.Week.4_2.fastq.gz
s.271.C.Diff_Oncology.Feces.Baseline,/mnt/isilon/zackular_lab_hpc/data/DYNAMIC_metagenomics_2020/raw_fastq/s.271.C.Diff_Oncology.Feces.Baseline_1.fastq.gz,/mnt/isilon/zackular_lab_hpc/data/DYNAMIC_metagenomics_2020/raw_fastq/s.271.C.Diff_Oncology.Feces.Baseline_2.fastq.gz
s.147.IBD_Therapy.Feces.Week_4,/mnt/isilon/zackular_lab_hpc/data/DYNAMIC_metagenomics_2020/raw_fastq/s.147.IBD_Therapy.Feces.Week_4_1.fastq.gz,/mnt/isilon/zackular_lab_hpc/data/DYNAMIC_metagenomics_2020/raw_fastq/s.147.IBD_Therapy.Feces.Week_4_2.fastq.gz
s53.VEO.Feces.Week_8,/mnt/isilon/zackular_lab_hpc/data/DYNAMIC_metagenomics_2020/raw_fastq/s53.VEO.Feces.Week_8_1.fastq.gz,/mnt/isilon/zackular_lab_hpc/data/DYNAMIC_metagenomics_2020/raw_fastq/s53.VEO.Feces.Week_8_2.fastq.gz
s.147.IBD_Therapy.Feces.Baseline,/mnt/isilon/zackular_lab_hpc/data/DYNAMIC_metagenomics_2020/raw_fastq/s.147.IBD_Therapy.Feces.Baseline_1.fastq.gz,/mnt/isilon/zackular_lab_hpc/data/DYNAMIC_metagenomics_2020/raw_fastq/s.147.IBD_Therapy.Feces.Baseline_2.fastq.gz
s25.IBD_Therapy.Feces.Week_4,/mnt/isilon/zackular_lab_hpc/data/DYNAMIC_metagenomics_2020/raw_fastq/s25.IBD_Therapy.Feces.Week_4_1.fastq.gz,/mnt/isilon/zackular_lab_hpc/data/DYNAMIC_metagenomics_2020/raw_fastq/s25.IBD_Therapy.Feces.Week_4_2.fastq.gz
s.222.IBD_CDiff.Feces.Week_4,/mnt/isilon/zackular_lab_hpc/data/DYNAMIC_metagenomics_2020/raw_fastq/s.222.IBD_CDiff.Feces.Week_4_1.fastq.gz,/mnt/isilon/zackular_lab_hpc/data/DYNAMIC_metagenomics_2020/raw_fastq/s.222.IBD_CDiff.Feces.Week_4_2.fastq.gz
s.197.Healthy.Antibiotics.Feces.Baseline,/mnt/isilon/zackular_lab_hpc/data/DYNAMIC_metagenomics_2020/raw_fastq/s.197.Healthy.Antibiotics.Feces.Baseline_1.fastq.gz,/mnt/isilon/zackular_lab_hpc/data/DYNAMIC_metagenomics_2020/raw_fastq/s.197.Healthy.Antibiotics.Feces.Baseline_2.fastq.gz
s.300.CDiff.Oncology.Feces.Baseline,/mnt/isilon/zackular_lab_hpc/data/DYNAMIC_metagenomics_2020/raw_fastq/s.300.CDiff.Oncology.Feces.Baseline_1.fastq.gz,/mnt/isilon/zackular_lab_hpc/data/DYNAMIC_metagenomics_2020/raw_fastq/s.300.CDiff.Oncology.Feces.Baseline_2.fastq.gz
s159.Healthy.Antibiotics.Feces.Week.4,/mnt/isilon/zackular_lab_hpc/data/DYNAMIC_metagenomics_2020/raw_fastq/s159.Healthy.Antibiotics.Feces.Week.4_1.fastq.gz,/mnt/isilon/zackular_lab_hpc/data/DYNAMIC_metagenomics_2020/raw_fastq/s159.Healthy.Antibiotics.Feces.Week.4_2.fastq.gz
s39.VEO.Feces.Visit1,/mnt/isilon/zackular_lab_hpc/data/DYNAMIC_metagenomics_2020/raw_fastq/s39.VEO.Feces.Visit1_1.fastq.gz,/mnt/isilon/zackular_lab_hpc/data/DYNAMIC_metagenomics_2020/raw_fastq/s39.VEO.Feces.Visit1_2.fastq.gz
s.334.Healthy.Antibiotics.Stool.3.2749,/mnt/isilon/zackular_lab_hpc/data/DYNAMIC_metagenomics_2020/raw_fastq/s.334.Healthy.Antibiotics.Stool.3.2749_1.fastq.gz,/mnt/isilon/zackular_lab_hpc/data/DYNAMIC_metagenomics_2020/raw_fastq/s.334.Healthy.Antibiotics.Stool.3.2749_2.fastq.gz
s55.IBD_Therapy.Feces.Baseline,/mnt/isilon/zackular_lab_hpc/data/DYNAMIC_metagenomics_2020/raw_fastq/s55.IBD_Therapy.Feces.Baseline_1.fastq.gz,/mnt/isilon/zackular_lab_hpc/data/DYNAMIC_metagenomics_2020/raw_fastq/s55.IBD_Therapy.Feces.Baseline_2.fastq.gz
s.91.Healthy.greaterthan5.Feces.Baseline,/mnt/isilon/zackular_lab_hpc/data/DYNAMIC_metagenomics_2020/raw_fastq/s.91.Healthy.greaterthan5.Feces.Baseline_1.fastq.gz,/mnt/isilon/zackular_lab_hpc/data/DYNAMIC_metagenomics_2020/raw_fastq/s.91.Healthy.greaterthan5.Feces.Baseline_2.fastq.gz
s26.Healthy.Feces.Visit2,/mnt/isilon/zackular_lab_hpc/data/DYNAMIC_metagenomics_2020/raw_fastq/s26.Healthy.Feces.Visit2_1.fastq.gz,/mnt/isilon/zackular_lab_hpc/data/DYNAMIC_metagenomics_2020/raw_fastq/s26.Healthy.Feces.Visit2_2.fastq.gz
s159.Healthy.Antibiotics.Feces.Baseline,/mnt/isilon/zackular_lab_hpc/data/DYNAMIC_metagenomics_2020/raw_fastq/s159.Healthy.Antibiotics.Feces.Baseline_1.fastq.gz,/mnt/isilon/zackular_lab_hpc/data/DYNAMIC_metagenomics_2020/raw_fastq/s159.Healthy.Antibiotics.Feces.Baseline_2.fastq.gz
s.261.IBD_Therapy.Feces.Week_4,/mnt/isilon/zackular_lab_hpc/data/DYNAMIC_metagenomics_2020/raw_fastq/s.261.IBD_Therapy.Feces.Week_4_1.fastq.gz,/mnt/isilon/zackular_lab_hpc/data/DYNAMIC_metagenomics_2020/raw_fastq/s.261.IBD_Therapy.Feces.Week_4_2.fastq.gz
s.222.IBD_CDiff.Feces.Week_8,/mnt/isilon/zackular_lab_hpc/data/DYNAMIC_metagenomics_2020/raw_fastq/s.222.IBD_CDiff.Feces.Week_8_1.fastq.gz,/mnt/isilon/zackular_lab_hpc/data/DYNAMIC_metagenomics_2020/raw_fastq/s.222.IBD_CDiff.Feces.Week_8_2.fastq.gz
s.327.Healthy.Antibiotics.Stool.2.2643,/mnt/isilon/zackular_lab_hpc/data/DYNAMIC_metagenomics_2020/raw_fastq/s.327.Healthy.Antibiotics.Stool.2.2643_1.fastq.gz,/mnt/isilon/zackular_lab_hpc/data/DYNAMIC_metagenomics_2020/raw_fastq/s.327.Healthy.Antibiotics.Stool.2.2643_2.fastq.gz
s58.Healthy_greaterthan5.Feces.Week_8,/mnt/isilon/zackular_lab_hpc/data/DYNAMIC_metagenomics_2020/raw_fastq/s58.Healthy_greaterthan5.Feces.Week_8_1.fastq.gz,/mnt/isilon/zackular_lab_hpc/data/DYNAMIC_metagenomics_2020/raw_fastq/s58.Healthy_greaterthan5.Feces.Week_8_2.fastq.gz
s.316.IBDC.Diff.Stool.visit4.2742,/mnt/isilon/zackular_lab_hpc/data/DYNAMIC_metagenomics_2020/raw_fastq/s.316.IBDC.Diff.Stool.visit4.2742_1.fastq.gz,/mnt/isilon/zackular_lab_hpc/data/DYNAMIC_metagenomics_2020/raw_fastq/s.316.IBDC.Diff.Stool.visit4.2742_2.fastq.gz
s115.Healthy_greaterthan5.Feces.Week_8,/mnt/isilon/zackular_lab_hpc/data/DYNAMIC_metagenomics_2020/raw_fastq/s115.Healthy_greaterthan5.Feces.Week_8_1.fastq.gz,/mnt/isilon/zackular_lab_hpc/data/DYNAMIC_metagenomics_2020/raw_fastq/s115.Healthy_greaterthan5.Feces.Week_8_2.fastq.gz
s.338.C.DiffOncology.Stool.visit1.2649,/mnt/isilon/zackular_lab_hpc/data/DYNAMIC_metagenomics_2020/raw_fastq/s.338.C.DiffOncology.Stool.visit1.2649_1.fastq.gz,/mnt/isilon/zackular_lab_hpc/data/DYNAMIC_metagenomics_2020/raw_fastq/s.338.C.DiffOncology.Stool.visit1.2649_2.fastq.gz
s.337.C.DiffOncology.Stool.visit1.2647,/mnt/isilon/zackular_lab_hpc/data/DYNAMIC_metagenomics_2020/raw_fastq/s.337.C.DiffOncology.Stool.visit1.2647_1.fastq.gz,/mnt/isilon/zackular_lab_hpc/data/DYNAMIC_metagenomics_2020/raw_fastq/s.337.C.DiffOncology.Stool.visit1.2647_2.fastq.gz
s6.Healthy.Feces.Visit2,/mnt/isilon/zackular_lab_hpc/data/DYNAMIC_metagenomics_2020/raw_fastq/s6.Healthy.Feces.Visit2_1.fastq.gz,/mnt/isilon/zackular_lab_hpc/data/DYNAMIC_metagenomics_2020/raw_fastq/s6.Healthy.Feces.Visit2_2.fastq.gz
s099.IBD_C.Diff.Feces.Week_8,/mnt/isilon/zackular_lab_hpc/data/DYNAMIC_metagenomics_2020/raw_fastq/s099.IBD_C.Diff.Feces.Week_8_1.fastq.gz,/mnt/isilon/zackular_lab_hpc/data/DYNAMIC_metagenomics_2020/raw_fastq/s099.IBD_C.Diff.Feces.Week_8_2.fastq.gz
s067.Healthy.Antibiotics.Feces.Baseline,/mnt/isilon/zackular_lab_hpc/data/DYNAMIC_metagenomics_2020/raw_fastq/s067.Healthy.Antibiotics.Feces.Baseline_1.fastq.gz,/mnt/isilon/zackular_lab_hpc/data/DYNAMIC_metagenomics_2020/raw_fastq/s067.Healthy.Antibiotics.Feces.Baseline_2.fastq.gz
s097.IBD.Antibiotics.Feces.Week.8,/mnt/isilon/zackular_lab_hpc/data/DYNAMIC_metagenomics_2020/raw_fastq/s097.IBD.Antibiotics.Feces.Week.8_1.fastq.gz,/mnt/isilon/zackular_lab_hpc/data/DYNAMIC_metagenomics_2020/raw_fastq/s097.IBD.Antibiotics.Feces.Week.8_2.fastq.gz
s.233.Healthy.Antibiotics.Feces.Baseline,/mnt/isilon/zackular_lab_hpc/data/DYNAMIC_metagenomics_2020/raw_fastq/s.233.Healthy.Antibiotics.Feces.Baseline_1.fastq.gz,/mnt/isilon/zackular_lab_hpc/data/DYNAMIC_metagenomics_2020/raw_fastq/s.233.Healthy.Antibiotics.Feces.Baseline_2.fastq.gz
s.197.Healthy.Antibiotics.Feces.Week.8,/mnt/isilon/zackular_lab_hpc/data/DYNAMIC_metagenomics_2020/raw_fastq/s.197.Healthy.Antibiotics.Feces.Week.8_1.fastq.gz,/mnt/isilon/zackular_lab_hpc/data/DYNAMIC_metagenomics_2020/raw_fastq/s.197.Healthy.Antibiotics.Feces.Week.8_2.fastq.gz
s.86.Healthy_greaterthan5.Feces.Week_8,/mnt/isilon/zackular_lab_hpc/data/DYNAMIC_metagenomics_2020/raw_fastq/s.86.Healthy_greaterthan5.Feces.Week_8_1.fastq.gz,/mnt/isilon/zackular_lab_hpc/data/DYNAMIC_metagenomics_2020/raw_fastq/s.86.Healthy_greaterthan5.Feces.Week_8_2.fastq.gz
s.361.C.DiffOncology.Stool.1.2876,/mnt/isilon/zackular_lab_hpc/data/DYNAMIC_metagenomics_2020/raw_fastq/s.361.C.DiffOncology.Stool.1.2876_1.fastq.gz,/mnt/isilon/zackular_lab_hpc/data/DYNAMIC_metagenomics_2020/raw_fastq/s.361.C.DiffOncology.Stool.1.2876_2.fastq.gz
s55.IBD_Therapy.Feces.Week_8,/mnt/isilon/zackular_lab_hpc/data/DYNAMIC_metagenomics_2020/raw_fastq/s55.IBD_Therapy.Feces.Week_8_1.fastq.gz,/mnt/isilon/zackular_lab_hpc/data/DYNAMIC_metagenomics_2020/raw_fastq/s55.IBD_Therapy.Feces.Week_8_2.fastq.gz
s099.IBD_C.Diff.Feces.Week_4,/mnt/isilon/zackular_lab_hpc/data/DYNAMIC_metagenomics_2020/raw_fastq/s099.IBD_C.Diff.Feces.Week_4_1.fastq.gz,/mnt/isilon/zackular_lab_hpc/data/DYNAMIC_metagenomics_2020/raw_fastq/s099.IBD_C.Diff.Feces.Week_4_2.fastq.gz
s.293.Healthy.Antibiotics.Feces.Baseline,/mnt/isilon/zackular_lab_hpc/data/DYNAMIC_metagenomics_2020/raw_fastq/s.293.Healthy.Antibiotics.Feces.Baseline_1.fastq.gz,/mnt/isilon/zackular_lab_hpc/data/DYNAMIC_metagenomics_2020/raw_fastq/s.293.Healthy.Antibiotics.Feces.Baseline_2.fastq.gz
s.235.C_Diff_Oncology.Feces.Week_8,/mnt/isilon/zackular_lab_hpc/data/DYNAMIC_metagenomics_2020/raw_fastq/s.235.C_Diff_Oncology.Feces.Week_8_1.fastq.gz,/mnt/isilon/zackular_lab_hpc/data/DYNAMIC_metagenomics_2020/raw_fastq/s.235.C_Diff_Oncology.Feces.Week_8_2.fastq.gz
s.91.Healthy.greaterthan5.Feces.week.4,/mnt/isilon/zackular_lab_hpc/data/DYNAMIC_metagenomics_2020/raw_fastq/s.91.Healthy.greaterthan5.Feces.week.4_1.fastq.gz,/mnt/isilon/zackular_lab_hpc/data/DYNAMIC_metagenomics_2020/raw_fastq/s.91.Healthy.greaterthan5.Feces.week.4_2.fastq.gz
s.351.IBD.Antibiotics.Stool.2.2762,/mnt/isilon/zackular_lab_hpc/data/DYNAMIC_metagenomics_2020/raw_fastq/s.351.IBD.Antibiotics.Stool.2.2762_1.fastq.gz,/mnt/isilon/zackular_lab_hpc/data/DYNAMIC_metagenomics_2020/raw_fastq/s.351.IBD.Antibiotics.Stool.2.2762_2.fastq.gz
s077.IBD_C.Diff.Feces.Baseline,/mnt/isilon/zackular_lab_hpc/data/DYNAMIC_metagenomics_2020/raw_fastq/s077.IBD_C.Diff.Feces.Baseline_1.fastq.gz,/mnt/isilon/zackular_lab_hpc/data/DYNAMIC_metagenomics_2020/raw_fastq/s077.IBD_C.Diff.Feces.Baseline_2.fastq.gz
s143.VEO.Feces.Week.4,/mnt/isilon/zackular_lab_hpc/data/DYNAMIC_metagenomics_2020/raw_fastq/s143.VEO.Feces.Week.4_1.fastq.gz,/mnt/isilon/zackular_lab_hpc/data/DYNAMIC_metagenomics_2020/raw_fastq/s143.VEO.Feces.Week.4_2.fastq.gz
s.214.Healthy.Antibiotics.Feces.Week.4,/mnt/isilon/zackular_lab_hpc/data/DYNAMIC_metagenomics_2020/raw_fastq/s.214.Healthy.Antibiotics.Feces.Week.4_1.fastq.gz,/mnt/isilon/zackular_lab_hpc/data/DYNAMIC_metagenomics_2020/raw_fastq/s.214.Healthy.Antibiotics.Feces.Week.4_2.fastq.gz
s.271.C.Diff_Oncology.Feces.Week_4,/mnt/isilon/zackular_lab_hpc/data/DYNAMIC_metagenomics_2020/raw_fastq/s.271.C.Diff_Oncology.Feces.Week_4_1.fastq.gz,/mnt/isilon/zackular_lab_hpc/data/DYNAMIC_metagenomics_2020/raw_fastq/s.271.C.Diff_Oncology.Feces.Week_4_2.fastq.gz
s31.IBDNaturalHistory.Feces.Visit1,/mnt/isilon/zackular_lab_hpc/data/DYNAMIC_metagenomics_2020/raw_fastq/s31.IBDNaturalHistory.Feces.Visit1_1.fastq.gz,/mnt/isilon/zackular_lab_hpc/data/DYNAMIC_metagenomics_2020/raw_fastq/s31.IBDNaturalHistory.Feces.Visit1_2.fastq.gz
s102.IBD.Therapy.Feces.Week.4,/mnt/isilon/zackular_lab_hpc/data/DYNAMIC_metagenomics_2020/raw_fastq/s102.IBD.Therapy.Feces.Week.4_1.fastq.gz,/mnt/isilon/zackular_lab_hpc/data/DYNAMIC_metagenomics_2020/raw_fastq/s102.IBD.Therapy.Feces.Week.4_2.fastq.gz
s159.Healthy.Antibiotics.Feces.Week.8,/mnt/isilon/zackular_lab_hpc/data/DYNAMIC_metagenomics_2020/raw_fastq/s159.Healthy.Antibiotics.Feces.Week.8_1.fastq.gz,/mnt/isilon/zackular_lab_hpc/data/DYNAMIC_metagenomics_2020/raw_fastq/s159.Healthy.Antibiotics.Feces.Week.8_2.fastq.gz
s26.Healthy.Feces.Visit1,/mnt/isilon/zackular_lab_hpc/data/DYNAMIC_metagenomics_2020/raw_fastq/s26.Healthy.Feces.Visit1_1.fastq.gz,/mnt/isilon/zackular_lab_hpc/data/DYNAMIC_metagenomics_2020/raw_fastq/s26.Healthy.Feces.Visit1_2.fastq.gz
s.295.IBD.CDiff.Feces.week.4,/mnt/isilon/zackular_lab_hpc/data/DYNAMIC_metagenomics_2020/raw_fastq/s.295.IBD.CDiff.Feces.week.4_1.fastq.gz,/mnt/isilon/zackular_lab_hpc/data/DYNAMIC_metagenomics_2020/raw_fastq/s.295.IBD.CDiff.Feces.week.4_2.fastq.gz
s.277.IBDTherapy.Feces.Baseline,/mnt/isilon/zackular_lab_hpc/data/DYNAMIC_metagenomics_2020/raw_fastq/s.277.IBDTherapy.Feces.Baseline_1.fastq.gz,/mnt/isilon/zackular_lab_hpc/data/DYNAMIC_metagenomics_2020/raw_fastq/s.277.IBDTherapy.Feces.Baseline_2.fastq.gz
s.109.Healthy.greaterthan5.Stool.3.1047,/mnt/isilon/zackular_lab_hpc/data/DYNAMIC_metagenomics_2020/raw_fastq/s.109.Healthy.greaterthan5.Stool.3.1047_1.fastq.gz,/mnt/isilon/zackular_lab_hpc/data/DYNAMIC_metagenomics_2020/raw_fastq/s.109.Healthy.greaterthan5.Stool.3.1047_2.fastq.gz
s.88.Healthy.greaterthan5.Feces.Baseline,/mnt/isilon/zackular_lab_hpc/data/DYNAMIC_metagenomics_2020/raw_fastq/s.88.Healthy.greaterthan5.Feces.Baseline_1.fastq.gz,/mnt/isilon/zackular_lab_hpc/data/DYNAMIC_metagenomics_2020/raw_fastq/s.88.Healthy.greaterthan5.Feces.Baseline_2.fastq.gz
s.288.IBD.Therapy.Feces.Baseline,/mnt/isilon/zackular_lab_hpc/data/DYNAMIC_metagenomics_2020/raw_fastq/s.288.IBD.Therapy.Feces.Baseline_1.fastq.gz,/mnt/isilon/zackular_lab_hpc/data/DYNAMIC_metagenomics_2020/raw_fastq/s.288.IBD.Therapy.Feces.Baseline_2.fastq.gz
s2,/mnt/isilon/zackular_lab_hpc/data/DYNAMIC_metagenomics_2020/raw_fastq/s2_1.fastq.gz,/mnt/isilon/zackular_lab_hpc/data/DYNAMIC_metagenomics_2020/raw_fastq/s2_2.fastq.gz
s.347.IBDTherapy.Stool.3.2886,/mnt/isilon/zackular_lab_hpc/data/DYNAMIC_metagenomics_2020/raw_fastq/s.347.IBDTherapy.Stool.3.2886_1.fastq.gz,/mnt/isilon/zackular_lab_hpc/data/DYNAMIC_metagenomics_2020/raw_fastq/s.347.IBDTherapy.Stool.3.2886_2.fastq.gz
s.295.IBD.CDiff.Feces.Baseline,/mnt/isilon/zackular_lab_hpc/data/DYNAMIC_metagenomics_2020/raw_fastq/s.295.IBD.CDiff.Feces.Baseline_1.fastq.gz,/mnt/isilon/zackular_lab_hpc/data/DYNAMIC_metagenomics_2020/raw_fastq/s.295.IBD.CDiff.Feces.Baseline_2.fastq.gz
s30.IBDNaturalHistory.Feces.Visit2,/mnt/isilon/zackular_lab_hpc/data/DYNAMIC_metagenomics_2020/raw_fastq/s30.IBDNaturalHistory.Feces.Visit2_1.fastq.gz,/mnt/isilon/zackular_lab_hpc/data/DYNAMIC_metagenomics_2020/raw_fastq/s30.IBDNaturalHistory.Feces.Visit2_2.fastq.gz
s.359.IBDC.Diff.Stool.3.2873,/mnt/isilon/zackular_lab_hpc/data/DYNAMIC_metagenomics_2020/raw_fastq/s.359.IBDC.Diff.Stool.3.2873_1.fastq.gz,/mnt/isilon/zackular_lab_hpc/data/DYNAMIC_metagenomics_2020/raw_fastq/s.359.IBDC.Diff.Stool.3.2873_2.fastq.gz
s60.Healthy_greaterthan5.Feces.Baseline,/mnt/isilon/zackular_lab_hpc/data/DYNAMIC_metagenomics_2020/raw_fastq/s60.Healthy_greaterthan5.Feces.Baseline_1.fastq.gz,/mnt/isilon/zackular_lab_hpc/data/DYNAMIC_metagenomics_2020/raw_fastq/s60.Healthy_greaterthan5.Feces.Baseline_2.fastq.gz
s.74.Healthy_greaterthan5.Feces.Week_4,/mnt/isilon/zackular_lab_hpc/data/DYNAMIC_metagenomics_2020/raw_fastq/s.74.Healthy_greaterthan5.Feces.Week_4_1.fastq.gz,/mnt/isilon/zackular_lab_hpc/data/DYNAMIC_metagenomics_2020/raw_fastq/s.74.Healthy_greaterthan5.Feces.Week_4_2.fastq.gz
s.155.Healthy.Antibiotics.Feces.Baseline,/mnt/isilon/zackular_lab_hpc/data/DYNAMIC_metagenomics_2020/raw_fastq/s.155.Healthy.Antibiotics.Feces.Baseline_1.fastq.gz,/mnt/isilon/zackular_lab_hpc/data/DYNAMIC_metagenomics_2020/raw_fastq/s.155.Healthy.Antibiotics.Feces.Baseline_2.fastq.gz
s3,/mnt/isilon/zackular_lab_hpc/data/DYNAMIC_metagenomics_2020/raw_fastq/s3_1.fastq.gz,/mnt/isilon/zackular_lab_hpc/data/DYNAMIC_metagenomics_2020/raw_fastq/s3_2.fastq.gz
s172.IBD_CDiff.Feces.Baseline,/mnt/isilon/zackular_lab_hpc/data/DYNAMIC_metagenomics_2020/raw_fastq/s172.IBD_CDiff.Feces.Baseline_1.fastq.gz,/mnt/isilon/zackular_lab_hpc/data/DYNAMIC_metagenomics_2020/raw_fastq/s172.IBD_CDiff.Feces.Baseline_2.fastq.gz
s20.C_diff.Feces.Visit2,/mnt/isilon/zackular_lab_hpc/data/DYNAMIC_metagenomics_2020/raw_fastq/s20.C_diff.Feces.Visit2_1.fastq.gz,/mnt/isilon/zackular_lab_hpc/data/DYNAMIC_metagenomics_2020/raw_fastq/s20.C_diff.Feces.Visit2_2.fastq.gz
s.308.IBDC.Diff.Stool.visit4.2660,/mnt/isilon/zackular_lab_hpc/data/DYNAMIC_metagenomics_2020/raw_fastq/s.308.IBDC.Diff.Stool.visit4.2660_1.fastq.gz,/mnt/isilon/zackular_lab_hpc/data/DYNAMIC_metagenomics_2020/raw_fastq/s.308.IBDC.Diff.Stool.visit4.2660_2.fastq.gz
s.288.IBD.Therapy.Feces.week.8,/mnt/isilon/zackular_lab_hpc/data/DYNAMIC_metagenomics_2020/raw_fastq/s.288.IBD.Therapy.Feces.week.8_1.fastq.gz,/mnt/isilon/zackular_lab_hpc/data/DYNAMIC_metagenomics_2020/raw_fastq/s.288.IBD.Therapy.Feces.week.8_2.fastq.gz
s099.IBD_C.Diff.Feces.Baseline,/mnt/isilon/zackular_lab_hpc/data/DYNAMIC_metagenomics_2020/raw_fastq/s099.IBD_C.Diff.Feces.Baseline_1.fastq.gz,/mnt/isilon/zackular_lab_hpc/data/DYNAMIC_metagenomics_2020/raw_fastq/s099.IBD_C.Diff.Feces.Baseline_2.fastq.gz
s.155.Healthy.Antibiotics.Feces.Week.8,/mnt/isilon/zackular_lab_hpc/data/DYNAMIC_metagenomics_2020/raw_fastq/s.155.Healthy.Antibiotics.Feces.Week.8_1.fastq.gz,/mnt/isilon/zackular_lab_hpc/data/DYNAMIC_metagenomics_2020/raw_fastq/s.155.Healthy.Antibiotics.Feces.Week.8_2.fastq.gz
s.344.Healthy.Antibiotics.Stool.2.2746,/mnt/isilon/zackular_lab_hpc/data/DYNAMIC_metagenomics_2020/raw_fastq/s.344.Healthy.Antibiotics.Stool.2.2746_1.fastq.gz,/mnt/isilon/zackular_lab_hpc/data/DYNAMIC_metagenomics_2020/raw_fastq/s.344.Healthy.Antibiotics.Stool.2.2746_2.fastq.gz
s.353.Healthygreaterthan5.Stool.2.2861,/mnt/isilon/zackular_lab_hpc/data/DYNAMIC_metagenomics_2020/raw_fastq/s.353.Healthygreaterthan5.Stool.2.2861_1.fastq.gz,/mnt/isilon/zackular_lab_hpc/data/DYNAMIC_metagenomics_2020/raw_fastq/s.353.Healthygreaterthan5.Stool.2.2861_2.fastq.gz
s.358.IBDTherapy.Stool.3.2875,/mnt/isilon/zackular_lab_hpc/data/DYNAMIC_metagenomics_2020/raw_fastq/s.358.IBDTherapy.Stool.3.2875_1.fastq.gz,/mnt/isilon/zackular_lab_hpc/data/DYNAMIC_metagenomics_2020/raw_fastq/s.358.IBDTherapy.Stool.3.2875_2.fastq.gz
s143.VEO.Feces.Baseline,/mnt/isilon/zackular_lab_hpc/data/DYNAMIC_metagenomics_2020/raw_fastq/s143.VEO.Feces.Baseline_1.fastq.gz,/mnt/isilon/zackular_lab_hpc/data/DYNAMIC_metagenomics_2020/raw_fastq/s143.VEO.Feces.Baseline_2.fastq.gz
s.85.Healthy_greaterthan5.Feces.Week_4,/mnt/isilon/zackular_lab_hpc/data/DYNAMIC_metagenomics_2020/raw_fastq/s.85.Healthy_greaterthan5.Feces.Week_4_1.fastq.gz,/mnt/isilon/zackular_lab_hpc/data/DYNAMIC_metagenomics_2020/raw_fastq/s.85.Healthy_greaterthan5.Feces.Week_4_2.fastq.gz
s30.IBDNaturalHistory.Feces.Visit3,/mnt/isilon/zackular_lab_hpc/data/DYNAMIC_metagenomics_2020/raw_fastq/s30.IBDNaturalHistory.Feces.Visit3_1.fastq.gz,/mnt/isilon/zackular_lab_hpc/data/DYNAMIC_metagenomics_2020/raw_fastq/s30.IBDNaturalHistory.Feces.Visit3_2.fastq.gz
s6.Healthy.Feces.Visit1,/mnt/isilon/zackular_lab_hpc/data/DYNAMIC_metagenomics_2020/raw_fastq/s6.Healthy.Feces.Visit1_1.fastq.gz,/mnt/isilon/zackular_lab_hpc/data/DYNAMIC_metagenomics_2020/raw_fastq/s6.Healthy.Feces.Visit1_2.fastq.gz
s58.Healthy_greaterthan5.Feces.Baseline,/mnt/isilon/zackular_lab_hpc/data/DYNAMIC_metagenomics_2020/raw_fastq/s58.Healthy_greaterthan5.Feces.Baseline_1.fastq.gz,/mnt/isilon/zackular_lab_hpc/data/DYNAMIC_metagenomics_2020/raw_fastq/s58.Healthy_greaterthan5.Feces.Baseline_2.fastq.gz
s097.IBD.Antibiotics.Feces.Week.4,/mnt/isilon/zackular_lab_hpc/data/DYNAMIC_metagenomics_2020/raw_fastq/s097.IBD.Antibiotics.Feces.Week.4_1.fastq.gz,/mnt/isilon/zackular_lab_hpc/data/DYNAMIC_metagenomics_2020/raw_fastq/s097.IBD.Antibiotics.Feces.Week.4_2.fastq.gz
s.304.VEO.Stool.visit2.2492,/mnt/isilon/zackular_lab_hpc/data/DYNAMIC_metagenomics_2020/raw_fastq/s.304.VEO.Stool.visit2.2492_1.fastq.gz,/mnt/isilon/zackular_lab_hpc/data/DYNAMIC_metagenomics_2020/raw_fastq/s.304.VEO.Stool.visit2.2492_2.fastq.gz
s.190.Healthy.Antibiotics.Feces.Baseline,/mnt/isilon/zackular_lab_hpc/data/DYNAMIC_metagenomics_2020/raw_fastq/s.190.Healthy.Antibiotics.Feces.Baseline_1.fastq.gz,/mnt/isilon/zackular_lab_hpc/data/DYNAMIC_metagenomics_2020/raw_fastq/s.190.Healthy.Antibiotics.Feces.Baseline_2.fastq.gz
s.259.Healthy.Antibiotics.Feces.Week.8,/mnt/isilon/zackular_lab_hpc/data/DYNAMIC_metagenomics_2020/raw_fastq/s.259.Healthy.Antibiotics.Feces.Week.8_1.fastq.gz,/mnt/isilon/zackular_lab_hpc/data/DYNAMIC_metagenomics_2020/raw_fastq/s.259.Healthy.Antibiotics.Feces.Week.8_2.fastq.gz
s.353.Healthygreaterthan5.Stool.1.2756,/mnt/isilon/zackular_lab_hpc/data/DYNAMIC_metagenomics_2020/raw_fastq/s.353.Healthygreaterthan5.Stool.1.2756_1.fastq.gz,/mnt/isilon/zackular_lab_hpc/data/DYNAMIC_metagenomics_2020/raw_fastq/s.353.Healthygreaterthan5.Stool.1.2756_2.fastq.gz
s47,/mnt/isilon/zackular_lab_hpc/data/DYNAMIC_metagenomics_2020/raw_fastq/s47_1.fastq.gz,/mnt/isilon/zackular_lab_hpc/data/DYNAMIC_metagenomics_2020/raw_fastq/s47_2.fastq.gz
s.355.IBD.Antibiotics.Stool.1.2765,/mnt/isilon/zackular_lab_hpc/data/DYNAMIC_metagenomics_2020/raw_fastq/s.355.IBD.Antibiotics.Stool.1.2765_1.fastq.gz,/mnt/isilon/zackular_lab_hpc/data/DYNAMIC_metagenomics_2020/raw_fastq/s.355.IBD.Antibiotics.Stool.1.2765_2.fastq.gz
s.334.Healthy.Antibiotics.Stool.1.2630,/mnt/isilon/zackular_lab_hpc/data/DYNAMIC_metagenomics_2020/raw_fastq/s.334.Healthy.Antibiotics.Stool.1.2630_1.fastq.gz,/mnt/isilon/zackular_lab_hpc/data/DYNAMIC_metagenomics_2020/raw_fastq/s.334.Healthy.Antibiotics.Stool.1.2630_2.fastq.gz
s.214.Healthy.Antibiotics.Feces.Week.8,/mnt/isilon/zackular_lab_hpc/data/DYNAMIC_metagenomics_2020/raw_fastq/s.214.Healthy.Antibiotics.Feces.Week.8_1.fastq.gz,/mnt/isilon/zackular_lab_hpc/data/DYNAMIC_metagenomics_2020/raw_fastq/s.214.Healthy.Antibiotics.Feces.Week.8_2.fastq.gz
s078.IBD.Therapy.Feces.Week.8,/mnt/isilon/zackular_lab_hpc/data/DYNAMIC_metagenomics_2020/raw_fastq/s078.IBD.Therapy.Feces.Week.8_1.fastq.gz,/mnt/isilon/zackular_lab_hpc/data/DYNAMIC_metagenomics_2020/raw_fastq/s078.IBD.Therapy.Feces.Week.8_2.fastq.gz
s40.IBD.Therapy.Feces.Baseline,/mnt/isilon/zackular_lab_hpc/data/DYNAMIC_metagenomics_2020/raw_fastq/s40.IBD.Therapy.Feces.Baseline_1.fastq.gz,/mnt/isilon/zackular_lab_hpc/data/DYNAMIC_metagenomics_2020/raw_fastq/s40.IBD.Therapy.Feces.Baseline_2.fastq.gz
s067.Healthy.Antibiotics.Feces.Week.4,/mnt/isilon/zackular_lab_hpc/data/DYNAMIC_metagenomics_2020/raw_fastq/s067.Healthy.Antibiotics.Feces.Week.4_1.fastq.gz,/mnt/isilon/zackular_lab_hpc/data/DYNAMIC_metagenomics_2020/raw_fastq/s067.Healthy.Antibiotics.Feces.Week.4_2.fastq.gz
s.342.C.DiffOncology.Stool.visit1.2740,/mnt/isilon/zackular_lab_hpc/data/DYNAMIC_metagenomics_2020/raw_fastq/s.342.C.DiffOncology.Stool.visit1.2740_1.fastq.gz,/mnt/isilon/zackular_lab_hpc/data/DYNAMIC_metagenomics_2020/raw_fastq/s.342.C.DiffOncology.Stool.visit1.2740_2.fastq.gz
s.295.IBD.CDiff.Feces.week.8,/mnt/isilon/zackular_lab_hpc/data/DYNAMIC_metagenomics_2020/raw_fastq/s.295.IBD.CDiff.Feces.week.8_1.fastq.gz,/mnt/isilon/zackular_lab_hpc/data/DYNAMIC_metagenomics_2020/raw_fastq/s.295.IBD.CDiff.Feces.week.8_2.fastq.gz
s.353.Healthygreaterthan5.Stool.3.2860,/mnt/isilon/zackular_lab_hpc/data/DYNAMIC_metagenomics_2020/raw_fastq/s.353.Healthygreaterthan5.Stool.3.2860_1.fastq.gz,/mnt/isilon/zackular_lab_hpc/data/DYNAMIC_metagenomics_2020/raw_fastq/s.353.Healthygreaterthan5.Stool.3.2860_2.fastq.gz
s157.IBD_CDiff.Feces.Week_4,/mnt/isilon/zackular_lab_hpc/data/DYNAMIC_metagenomics_2020/raw_fastq/s157.IBD_CDiff.Feces.Week_4_1.fastq.gz,/mnt/isilon/zackular_lab_hpc/data/DYNAMIC_metagenomics_2020/raw_fastq/s157.IBD_CDiff.Feces.Week_4_2.fastq.gz
s.173.VEO.Feces.Baseline,/mnt/isilon/zackular_lab_hpc/data/DYNAMIC_metagenomics_2020/raw_fastq/s.173.VEO.Feces.Baseline_1.fastq.gz,/mnt/isilon/zackular_lab_hpc/data/DYNAMIC_metagenomics_2020/raw_fastq/s.173.VEO.Feces.Baseline_2.fastq.gz
s.293.Healthy.Antibiotics.Feces.week.8,/mnt/isilon/zackular_lab_hpc/data/DYNAMIC_metagenomics_2020/raw_fastq/s.293.Healthy.Antibiotics.Feces.week.8_1.fastq.gz,/mnt/isilon/zackular_lab_hpc/data/DYNAMIC_metagenomics_2020/raw_fastq/s.293.Healthy.Antibiotics.Feces.week.8_2.fastq.gz
s115.Healthy_greaterthan5.Feces.Week_4,/mnt/isilon/zackular_lab_hpc/data/DYNAMIC_metagenomics_2020/raw_fastq/s115.Healthy_greaterthan5.Feces.Week_4_1.fastq.gz,/mnt/isilon/zackular_lab_hpc/data/DYNAMIC_metagenomics_2020/raw_fastq/s115.Healthy_greaterthan5.Feces.Week_4_2.fastq.gz
s.357.IBDC.Diff.Stool.2.2864,/mnt/isilon/zackular_lab_hpc/data/DYNAMIC_metagenomics_2020/raw_fastq/s.357.IBDC.Diff.Stool.2.2864_1.fastq.gz,/mnt/isilon/zackular_lab_hpc/data/DYNAMIC_metagenomics_2020/raw_fastq/s.357.IBDC.Diff.Stool.2.2864_2.fastq.gz
s31.IBDNaturalHistory.Feces.Visit2,/mnt/isilon/zackular_lab_hpc/data/DYNAMIC_metagenomics_2020/raw_fastq/s31.IBDNaturalHistory.Feces.Visit2_1.fastq.gz,/mnt/isilon/zackular_lab_hpc/data/DYNAMIC_metagenomics_2020/raw_fastq/s31.IBDNaturalHistory.Feces.Visit2_2.fastq.gz
s.212.IBD.Feces.Week.4,/mnt/isilon/zackular_lab_hpc/data/DYNAMIC_metagenomics_2020/raw_fastq/s.212.IBD.Feces.Week.4_1.fastq.gz,/mnt/isilon/zackular_lab_hpc/data/DYNAMIC_metagenomics_2020/raw_fastq/s.212.IBD.Feces.Week.4_2.fastq.gz
s.109.Healthy.greaterthan5.Stool.2.1046,/mnt/isilon/zackular_lab_hpc/data/DYNAMIC_metagenomics_2020/raw_fastq/s.109.Healthy.greaterthan5.Stool.2.1046_1.fastq.gz,/mnt/isilon/zackular_lab_hpc/data/DYNAMIC_metagenomics_2020/raw_fastq/s.109.Healthy.greaterthan5.Stool.2.1046_2.fastq.gz
s.86.Healthy_greaterthan5.Feces.Week_4,/mnt/isilon/zackular_lab_hpc/data/DYNAMIC_metagenomics_2020/raw_fastq/s.86.Healthy_greaterthan5.Feces.Week_4_1.fastq.gz,/mnt/isilon/zackular_lab_hpc/data/DYNAMIC_metagenomics_2020/raw_fastq/s.86.Healthy_greaterthan5.Feces.Week_4_2.fastq.gz
s.252.Healthy.Antibiotics.Feces.Week.8,/mnt/isilon/zackular_lab_hpc/data/DYNAMIC_metagenomics_2020/raw_fastq/s.252.Healthy.Antibiotics.Feces.Week.8_1.fastq.gz,/mnt/isilon/zackular_lab_hpc/data/DYNAMIC_metagenomics_2020/raw_fastq/s.252.Healthy.Antibiotics.Feces.Week.8_2.fastq.gz
s.201.IBD_Therapy.Feces.Baseline,/mnt/isilon/zackular_lab_hpc/data/DYNAMIC_metagenomics_2020/raw_fastq/s.201.IBD_Therapy.Feces.Baseline_1.fastq.gz,/mnt/isilon/zackular_lab_hpc/data/DYNAMIC_metagenomics_2020/raw_fastq/s.201.IBD_Therapy.Feces.Baseline_2.fastq.gz
s38.IBD.Antibiotics.Feces.Week.4,/mnt/isilon/zackular_lab_hpc/data/DYNAMIC_metagenomics_2020/raw_fastq/s38.IBD.Antibiotics.Feces.Week.4_1.fastq.gz,/mnt/isilon/zackular_lab_hpc/data/DYNAMIC_metagenomics_2020/raw_fastq/s38.IBD.Antibiotics.Feces.Week.4_2.fastq.gz
s.175.VEO.Feces.Week_8,/mnt/isilon/zackular_lab_hpc/data/DYNAMIC_metagenomics_2020/raw_fastq/s.175.VEO.Feces.Week_8_1.fastq.gz,/mnt/isilon/zackular_lab_hpc/data/DYNAMIC_metagenomics_2020/raw_fastq/s.175.VEO.Feces.Week_8_2.fastq.gz
s.259.Healthy.Antibiotics.Feces.Week.4,/mnt/isilon/zackular_lab_hpc/data/DYNAMIC_metagenomics_2020/raw_fastq/s.259.Healthy.Antibiotics.Feces.Week.4_1.fastq.gz,/mnt/isilon/zackular_lab_hpc/data/DYNAMIC_metagenomics_2020/raw_fastq/s.259.Healthy.Antibiotics.Feces.Week.4_2.fastq.gz
s.304.VEO.Stool.visit1.2442,/mnt/isilon/zackular_lab_hpc/data/DYNAMIC_metagenomics_2020/raw_fastq/s.304.VEO.Stool.visit1.2442_1.fastq.gz,/mnt/isilon/zackular_lab_hpc/data/DYNAMIC_metagenomics_2020/raw_fastq/s.304.VEO.Stool.visit1.2442_2.fastq.gz
s061.IBD_Therapy.Feces.Week_8,/mnt/isilon/zackular_lab_hpc/data/DYNAMIC_metagenomics_2020/raw_fastq/s061.IBD_Therapy.Feces.Week_8_1.fastq.gz,/mnt/isilon/zackular_lab_hpc/data/DYNAMIC_metagenomics_2020/raw_fastq/s061.IBD_Therapy.Feces.Week_8_2.fastq.gz
s39.VEO.Feces.Week_4,/mnt/isilon/zackular_lab_hpc/data/DYNAMIC_metagenomics_2020/raw_fastq/s39.VEO.Feces.Week_4_1.fastq.gz,/mnt/isilon/zackular_lab_hpc/data/DYNAMIC_metagenomics_2020/raw_fastq/s39.VEO.Feces.Week_4_2.fastq.gz
s.261.IBD_Therapy.Feces.Week_8,/mnt/isilon/zackular_lab_hpc/data/DYNAMIC_metagenomics_2020/raw_fastq/s.261.IBD_Therapy.Feces.Week_8_1.fastq.gz,/mnt/isilon/zackular_lab_hpc/data/DYNAMIC_metagenomics_2020/raw_fastq/s.261.IBD_Therapy.Feces.Week_8_2.fastq.gz
s078.IBD.Therapy.Feces.Week.4,/mnt/isilon/zackular_lab_hpc/data/DYNAMIC_metagenomics_2020/raw_fastq/s078.IBD.Therapy.Feces.Week.4_1.fastq.gz,/mnt/isilon/zackular_lab_hpc/data/DYNAMIC_metagenomics_2020/raw_fastq/s078.IBD.Therapy.Feces.Week.4_2.fastq.gz
s14.IBDNaturalHistory.Feces.Visit2,/mnt/isilon/zackular_lab_hpc/data/DYNAMIC_metagenomics_2020/raw_fastq/s14.IBDNaturalHistory.Feces.Visit2_1.fastq.gz,/mnt/isilon/zackular_lab_hpc/data/DYNAMIC_metagenomics_2020/raw_fastq/s14.IBDNaturalHistory.Feces.Visit2_2.fastq.gz
s.173.VEO.Feces.Week.4,/mnt/isilon/zackular_lab_hpc/data/DYNAMIC_metagenomics_2020/raw_fastq/s.173.VEO.Feces.Week.4_1.fastq.gz,/mnt/isilon/zackular_lab_hpc/data/DYNAMIC_metagenomics_2020/raw_fastq/s.173.VEO.Feces.Week.4_2.fastq.gz
s077.IBD_C.Diff.Feces.Week_8,/mnt/isilon/zackular_lab_hpc/data/DYNAMIC_metagenomics_2020/raw_fastq/s077.IBD_C.Diff.Feces.Week_8_1.fastq.gz,/mnt/isilon/zackular_lab_hpc/data/DYNAMIC_metagenomics_2020/raw_fastq/s077.IBD_C.Diff.Feces.Week_8_2.fastq.gz
s38.IBD.Antibiotics.Feces.Baseline,/mnt/isilon/zackular_lab_hpc/data/DYNAMIC_metagenomics_2020/raw_fastq/s38.IBD.Antibiotics.Feces.Baseline_1.fastq.gz,/mnt/isilon/zackular_lab_hpc/data/DYNAMIC_metagenomics_2020/raw_fastq/s38.IBD.Antibiotics.Feces.Baseline_2.fastq.gz
s.100.Healthygreaterthan5.Stool.visit3.918,/mnt/isilon/zackular_lab_hpc/data/DYNAMIC_metagenomics_2020/raw_fastq/s.100.Healthygreaterthan5.Stool.visit3.918_1.fastq.gz,/mnt/isilon/zackular_lab_hpc/data/DYNAMIC_metagenomics_2020/raw_fastq/s.100.Healthygreaterthan5.Stool.visit3.918_2.fastq.gz
s.75.Healthy_greaterthan5.Feces.Week_8,/mnt/isilon/zackular_lab_hpc/data/DYNAMIC_metagenomics_2020/raw_fastq/s.75.Healthy_greaterthan5.Feces.Week_8_1.fastq.gz,/mnt/isilon/zackular_lab_hpc/data/DYNAMIC_metagenomics_2020/raw_fastq/s.75.Healthy_greaterthan5.Feces.Week_8_2.fastq.gz
s.235.C_Diff_Oncology.Feces.Baseline,/mnt/isilon/zackular_lab_hpc/data/DYNAMIC_metagenomics_2020/raw_fastq/s.235.C_Diff_Oncology.Feces.Baseline_1.fastq.gz,/mnt/isilon/zackular_lab_hpc/data/DYNAMIC_metagenomics_2020/raw_fastq/s.235.C_Diff_Oncology.Feces.Baseline_2.fastq.gz
s.200.Healthy.Antibiotics.Feces.Week.4,/mnt/isilon/zackular_lab_hpc/data/DYNAMIC_metagenomics_2020/raw_fastq/s.200.Healthy.Antibiotics.Feces.Week.4_1.fastq.gz,/mnt/isilon/zackular_lab_hpc/data/DYNAMIC_metagenomics_2020/raw_fastq/s.200.Healthy.Antibiotics.Feces.Week.4_2.fastq.gz
s.348.C.DiffOncology.Stool.visit1.2803,/mnt/isilon/zackular_lab_hpc/data/DYNAMIC_metagenomics_2020/raw_fastq/s.348.C.DiffOncology.Stool.visit1.2803_1.fastq.gz,/mnt/isilon/zackular_lab_hpc/data/DYNAMIC_metagenomics_2020/raw_fastq/s.348.C.DiffOncology.Stool.visit1.2803_2.fastq.gz
s46.Healthy_greaterthan5.Feces.Week_8,/mnt/isilon/zackular_lab_hpc/data/DYNAMIC_metagenomics_2020/raw_fastq/s46.Healthy_greaterthan5.Feces.Week_8_1.fastq.gz,/mnt/isilon/zackular_lab_hpc/data/DYNAMIC_metagenomics_2020/raw_fastq/s46.Healthy_greaterthan5.Feces.Week_8_2.fastq.gz
s.344.Healthy.Antibiotics.Stool.1.2655,/mnt/isilon/zackular_lab_hpc/data/DYNAMIC_metagenomics_2020/raw_fastq/s.344.Healthy.Antibiotics.Stool.1.2655_1.fastq.gz,/mnt/isilon/zackular_lab_hpc/data/DYNAMIC_metagenomics_2020/raw_fastq/s.344.Healthy.Antibiotics.Stool.1.2655_2.fastq.gz
s108.IBD_Therapy.Feces.Week_4,/mnt/isilon/zackular_lab_hpc/data/DYNAMIC_metagenomics_2020/raw_fastq/s108.IBD_Therapy.Feces.Week_4_1.fastq.gz,/mnt/isilon/zackular_lab_hpc/data/DYNAMIC_metagenomics_2020/raw_fastq/s108.IBD_Therapy.Feces.Week_4_2.fastq.gz
s.135.Healthy.Antibiotics.Feces.Baseline,/mnt/isilon/zackular_lab_hpc/data/DYNAMIC_metagenomics_2020/raw_fastq/s.135.Healthy.Antibiotics.Feces.Baseline_1.fastq.gz,/mnt/isilon/zackular_lab_hpc/data/DYNAMIC_metagenomics_2020/raw_fastq/s.135.Healthy.Antibiotics.Feces.Baseline_2.fastq.gz
s.308.IBDC.Diff.Stool.visit3.2507,/mnt/isilon/zackular_lab_hpc/data/DYNAMIC_metagenomics_2020/raw_fastq/s.308.IBDC.Diff.Stool.visit3.2507_1.fastq.gz,/mnt/isilon/zackular_lab_hpc/data/DYNAMIC_metagenomics_2020/raw_fastq/s.308.IBDC.Diff.Stool.visit3.2507_2.fastq.gz
s.209.Healthy.Antibiotics.Feces.Baseline,/mnt/isilon/zackular_lab_hpc/data/DYNAMIC_metagenomics_2020/raw_fastq/s.209.Healthy.Antibiotics.Feces.Baseline_1.fastq.gz,/mnt/isilon/zackular_lab_hpc/data/DYNAMIC_metagenomics_2020/raw_fastq/s.209.Healthy.Antibiotics.Feces.Baseline_2.fastq.gz
s.204.Healthy.Antibiotics.Feces.Baseline,/mnt/isilon/zackular_lab_hpc/data/DYNAMIC_metagenomics_2020/raw_fastq/s.204.Healthy.Antibiotics.Feces.Baseline_1.fastq.gz,/mnt/isilon/zackular_lab_hpc/data/DYNAMIC_metagenomics_2020/raw_fastq/s.204.Healthy.Antibiotics.Feces.Baseline_2.fastq.gz
s.222.IBD_CDiff.Feces.Baseline,/mnt/isilon/zackular_lab_hpc/data/DYNAMIC_metagenomics_2020/raw_fastq/s.222.IBD_CDiff.Feces.Baseline_1.fastq.gz,/mnt/isilon/zackular_lab_hpc/data/DYNAMIC_metagenomics_2020/raw_fastq/s.222.IBD_CDiff.Feces.Baseline_2.fastq.gz
s58.Healthy_greaterthan5.Feces.Week_4,/mnt/isilon/zackular_lab_hpc/data/DYNAMIC_metagenomics_2020/raw_fastq/s58.Healthy_greaterthan5.Feces.Week_4_1.fastq.gz,/mnt/isilon/zackular_lab_hpc/data/DYNAMIC_metagenomics_2020/raw_fastq/s58.Healthy_greaterthan5.Feces.Week_4_2.fastq.gz
s.91.Healthy.greaterthan5.Feces.week.8,/mnt/isilon/zackular_lab_hpc/data/DYNAMIC_metagenomics_2020/raw_fastq/s.91.Healthy.greaterthan5.Feces.week.8_1.fastq.gz,/mnt/isilon/zackular_lab_hpc/data/DYNAMIC_metagenomics_2020/raw_fastq/s.91.Healthy.greaterthan5.Feces.week.8_2.fastq.gz
s25.IBD_Therapy.Feces.Week_8,/mnt/isilon/zackular_lab_hpc/data/DYNAMIC_metagenomics_2020/raw_fastq/s25.IBD_Therapy.Feces.Week_8_1.fastq.gz,/mnt/isilon/zackular_lab_hpc/data/DYNAMIC_metagenomics_2020/raw_fastq/s25.IBD_Therapy.Feces.Week_8_2.fastq.gz
s143.VEO.Feces.Week.8,/mnt/isilon/zackular_lab_hpc/data/DYNAMIC_metagenomics_2020/raw_fastq/s143.VEO.Feces.Week.8_1.fastq.gz,/mnt/isilon/zackular_lab_hpc/data/DYNAMIC_metagenomics_2020/raw_fastq/s143.VEO.Feces.Week.8_2.fastq.gz
s.209.Healthy.Antibiotics.Feces.Week.8,/mnt/isilon/zackular_lab_hpc/data/DYNAMIC_metagenomics_2020/raw_fastq/s.209.Healthy.Antibiotics.Feces.Week.8_1.fastq.gz,/mnt/isilon/zackular_lab_hpc/data/DYNAMIC_metagenomics_2020/raw_fastq/s.209.Healthy.Antibiotics.Feces.Week.8_2.fastq.gz
s.349.IBDAntibiotics.Stool.3.2761,/mnt/isilon/zackular_lab_hpc/data/DYNAMIC_metagenomics_2020/raw_fastq/s.349.IBDAntibiotics.Stool.3.2761_1.fastq.gz,/mnt/isilon/zackular_lab_hpc/data/DYNAMIC_metagenomics_2020/raw_fastq/s.349.IBDAntibiotics.Stool.3.2761_2.fastq.gz
s.300.CDiff.Oncology.Feces.week.4,/mnt/isilon/zackular_lab_hpc/data/DYNAMIC_metagenomics_2020/raw_fastq/s.300.CDiff.Oncology.Feces.week.4_1.fastq.gz,/mnt/isilon/zackular_lab_hpc/data/DYNAMIC_metagenomics_2020/raw_fastq/s.300.CDiff.Oncology.Feces.week.4_2.fastq.gz
s.200.Healthy.Antibiotics.Feces.Week.8,/mnt/isilon/zackular_lab_hpc/data/DYNAMIC_metagenomics_2020/raw_fastq/s.200.Healthy.Antibiotics.Feces.Week.8_1.fastq.gz,/mnt/isilon/zackular_lab_hpc/data/DYNAMIC_metagenomics_2020/raw_fastq/s.200.Healthy.Antibiotics.Feces.Week.8_2.fastq.gz
s38.IBD.Antibiotics.Feces.Week.8,/mnt/isilon/zackular_lab_hpc/data/DYNAMIC_metagenomics_2020/raw_fastq/s38.IBD.Antibiotics.Feces.Week.8_1.fastq.gz,/mnt/isilon/zackular_lab_hpc/data/DYNAMIC_metagenomics_2020/raw_fastq/s38.IBD.Antibiotics.Feces.Week.8_2.fastq.gz
s46.Healthy_greaterthan5.Feces.Week_4,/mnt/isilon/zackular_lab_hpc/data/DYNAMIC_metagenomics_2020/raw_fastq/s46.Healthy_greaterthan5.Feces.Week_4_1.fastq.gz,/mnt/isilon/zackular_lab_hpc/data/DYNAMIC_metagenomics_2020/raw_fastq/s46.Healthy_greaterthan5.Feces.Week_4_2.fastq.gz
s157.IBD_CDiff.Feces.Baseline,/mnt/isilon/zackular_lab_hpc/data/DYNAMIC_metagenomics_2020/raw_fastq/s157.IBD_CDiff.Feces.Baseline_1.fastq.gz,/mnt/isilon/zackular_lab_hpc/data/DYNAMIC_metagenomics_2020/raw_fastq/s157.IBD_CDiff.Feces.Baseline_2.fastq.gz
s.214.Healthy.Antibiotics.Feces.Baseline,/mnt/isilon/zackular_lab_hpc/data/DYNAMIC_metagenomics_2020/raw_fastq/s.214.Healthy.Antibiotics.Feces.Baseline_1.fastq.gz,/mnt/isilon/zackular_lab_hpc/data/DYNAMIC_metagenomics_2020/raw_fastq/s.214.Healthy.Antibiotics.Feces.Baseline_2.fastq.gz
s17,/mnt/isilon/zackular_lab_hpc/data/DYNAMIC_metagenomics_2020/raw_fastq/s17_1.fastq.gz,/mnt/isilon/zackular_lab_hpc/data/DYNAMIC_metagenomics_2020/raw_fastq/s17_2.fastq.gz
s.344.Healthy.Antibiotics.Stool.3.2747,/mnt/isilon/zackular_lab_hpc/data/DYNAMIC_metagenomics_2020/raw_fastq/s.344.Healthy.Antibiotics.Stool.3.2747_1.fastq.gz,/mnt/isilon/zackular_lab_hpc/data/DYNAMIC_metagenomics_2020/raw_fastq/s.344.Healthy.Antibiotics.Stool.3.2747_2.fastq.gz
s.233.Healthy.Antibiotics.Feces.Week.8,/mnt/isilon/zackular_lab_hpc/data/DYNAMIC_metagenomics_2020/raw_fastq/s.233.Healthy.Antibiotics.Feces.Week.8_1.fastq.gz,/mnt/isilon/zackular_lab_hpc/data/DYNAMIC_metagenomics_2020/raw_fastq/s.233.Healthy.Antibiotics.Feces.Week.8_2.fastq.gz
s46.Healthy_greaterthan5.Feces.Baseline,/mnt/isilon/zackular_lab_hpc/data/DYNAMIC_metagenomics_2020/raw_fastq/s46.Healthy_greaterthan5.Feces.Baseline_1.fastq.gz,/mnt/isilon/zackular_lab_hpc/data/DYNAMIC_metagenomics_2020/raw_fastq/s46.Healthy_greaterthan5.Feces.Baseline_2.fastq.gz
s6.Healthy.Feces.Visit3,/mnt/isilon/zackular_lab_hpc/data/DYNAMIC_metagenomics_2020/raw_fastq/s6.Healthy.Feces.Visit3_1.fastq.gz,/mnt/isilon/zackular_lab_hpc/data/DYNAMIC_metagenomics_2020/raw_fastq/s6.Healthy.Feces.Visit3_2.fastq.gz
s.346.IBD.Antibiotics.Stool.1.2659,/mnt/isilon/zackular_lab_hpc/data/DYNAMIC_metagenomics_2020/raw_fastq/s.346.IBD.Antibiotics.Stool.1.2659_1.fastq.gz,/mnt/isilon/zackular_lab_hpc/data/DYNAMIC_metagenomics_2020/raw_fastq/s.346.IBD.Antibiotics.Stool.1.2659_2.fastq.gz
s.175.VEO.Feces.Baseline,/mnt/isilon/zackular_lab_hpc/data/DYNAMIC_metagenomics_2020/raw_fastq/s.175.VEO.Feces.Baseline_1.fastq.gz,/mnt/isilon/zackular_lab_hpc/data/DYNAMIC_metagenomics_2020/raw_fastq/s.175.VEO.Feces.Baseline_2.fastq.gz
s.190.Healthy.Antibiotics.Feces.Week.4,/mnt/isilon/zackular_lab_hpc/data/DYNAMIC_metagenomics_2020/raw_fastq/s.190.Healthy.Antibiotics.Feces.Week.4_1.fastq.gz,/mnt/isilon/zackular_lab_hpc/data/DYNAMIC_metagenomics_2020/raw_fastq/s.190.Healthy.Antibiotics.Feces.Week.4_2.fastq.gz
s.74.Healthy_greaterthan5.Feces.Baseline,/mnt/isilon/zackular_lab_hpc/data/DYNAMIC_metagenomics_2020/raw_fastq/s.74.Healthy_greaterthan5.Feces.Baseline_1.fastq.gz,/mnt/isilon/zackular_lab_hpc/data/DYNAMIC_metagenomics_2020/raw_fastq/s.74.Healthy_greaterthan5.Feces.Baseline_2.fastq.gz
s35.IBD_Therapy.Feces.Baseline,/mnt/isilon/zackular_lab_hpc/data/DYNAMIC_metagenomics_2020/raw_fastq/s35.IBD_Therapy.Feces.Baseline_1.fastq.gz,/mnt/isilon/zackular_lab_hpc/data/DYNAMIC_metagenomics_2020/raw_fastq/s35.IBD_Therapy.Feces.Baseline_2.fastq.gz
s.75.Healthy_greaterthan5.Feces.Week_4,/mnt/isilon/zackular_lab_hpc/data/DYNAMIC_metagenomics_2020/raw_fastq/s.75.Healthy_greaterthan5.Feces.Week_4_1.fastq.gz,/mnt/isilon/zackular_lab_hpc/data/DYNAMIC_metagenomics_2020/raw_fastq/s.75.Healthy_greaterthan5.Feces.Week_4_2.fastq.gz
s.84.Healthy_greaterthan5.Feces.Week_4,/mnt/isilon/zackular_lab_hpc/data/DYNAMIC_metagenomics_2020/raw_fastq/s.84.Healthy_greaterthan5.Feces.Week_4_1.fastq.gz,/mnt/isilon/zackular_lab_hpc/data/DYNAMIC_metagenomics_2020/raw_fastq/s.84.Healthy_greaterthan5.Feces.Week_4_2.fastq.gz
s.351.IBD.Antibiotics.Stool.3.2763,/mnt/isilon/zackular_lab_hpc/data/DYNAMIC_metagenomics_2020/raw_fastq/s.351.IBD.Antibiotics.Stool.3.2763_1.fastq.gz,/mnt/isilon/zackular_lab_hpc/data/DYNAMIC_metagenomics_2020/raw_fastq/s.351.IBD.Antibiotics.Stool.3.2763_2.fastq.gz
s.277.IBDTherapy.Feces.Week4,/mnt/isilon/zackular_lab_hpc/data/DYNAMIC_metagenomics_2020/raw_fastq/s.277.IBDTherapy.Feces.Week4_1.fastq.gz,/mnt/isilon/zackular_lab_hpc/data/DYNAMIC_metagenomics_2020/raw_fastq/s.277.IBDTherapy.Feces.Week4_2.fastq.gz
s157.IBD_CDiff.Feces.Week_8,/mnt/isilon/zackular_lab_hpc/data/DYNAMIC_metagenomics_2020/raw_fastq/s157.IBD_CDiff.Feces.Week_8_1.fastq.gz,/mnt/isilon/zackular_lab_hpc/data/DYNAMIC_metagenomics_2020/raw_fastq/s157.IBD_CDiff.Feces.Week_8_2.fastq.gz
s38,/mnt/isilon/zackular_lab_hpc/data/DYNAMIC_metagenomics_2020/raw_fastq/s38_1.fastq.gz,/mnt/isilon/zackular_lab_hpc/data/DYNAMIC_metagenomics_2020/raw_fastq/s38_2.fastq.gz
s14.IBDNaturalHistory.Feces.Visit3,/mnt/isilon/zackular_lab_hpc/data/DYNAMIC_metagenomics_2020/raw_fastq/s14.IBDNaturalHistory.Feces.Visit3_1.fastq.gz,/mnt/isilon/zackular_lab_hpc/data/DYNAMIC_metagenomics_2020/raw_fastq/s14.IBDNaturalHistory.Feces.Visit3_2.fastq.gz
s.316.IBDC.Diff.Stool.visit3.2541,/mnt/isilon/zackular_lab_hpc/data/DYNAMIC_metagenomics_2020/raw_fastq/s.316.IBDC.Diff.Stool.visit3.2541_1.fastq.gz,/mnt/isilon/zackular_lab_hpc/data/DYNAMIC_metagenomics_2020/raw_fastq/s.316.IBDC.Diff.Stool.visit3.2541_2.fastq.gz
s.135.Healthy.Antibiotics.Feces.Week.4,/mnt/isilon/zackular_lab_hpc/data/DYNAMIC_metagenomics_2020/raw_fastq/s.135.Healthy.Antibiotics.Feces.Week.4_1.fastq.gz,/mnt/isilon/zackular_lab_hpc/data/DYNAMIC_metagenomics_2020/raw_fastq/s.135.Healthy.Antibiotics.Feces.Week.4_2.fastq.gz
s95.Healthy.lessthan5.Feces.Week.8,/mnt/isilon/zackular_lab_hpc/data/DYNAMIC_metagenomics_2020/raw_fastq/s95.Healthy.lessthan5.Feces.Week.8_1.fastq.gz,/mnt/isilon/zackular_lab_hpc/data/DYNAMIC_metagenomics_2020/raw_fastq/s95.Healthy.lessthan5.Feces.Week.8_2.fastq.gz
s.244.VEO.Stool.3.1964,/mnt/isilon/zackular_lab_hpc/data/DYNAMIC_metagenomics_2020/raw_fastq/s.244.VEO.Stool.3.1964_1.fastq.gz,/mnt/isilon/zackular_lab_hpc/data/DYNAMIC_metagenomics_2020/raw_fastq/s.244.VEO.Stool.3.1964_2.fastq.gz
s102.IBD.Therapy.Feces.Week.8,/mnt/isilon/zackular_lab_hpc/data/DYNAMIC_metagenomics_2020/raw_fastq/s102.IBD.Therapy.Feces.Week.8_1.fastq.gz,/mnt/isilon/zackular_lab_hpc/data/DYNAMIC_metagenomics_2020/raw_fastq/s102.IBD.Therapy.Feces.Week.8_2.fastq.gz
s.285.Healthylessthan5.Stool.visit2.2384,/mnt/isilon/zackular_lab_hpc/data/DYNAMIC_metagenomics_2020/raw_fastq/s.285.Healthylessthan5.Stool.visit2.2384_1.fastq.gz,/mnt/isilon/zackular_lab_hpc/data/DYNAMIC_metagenomics_2020/raw_fastq/s.285.Healthylessthan5.Stool.visit2.2384_2.fastq.gz
s53.VEO.Feces.Week_16,/mnt/isilon/zackular_lab_hpc/data/DYNAMIC_metagenomics_2020/raw_fastq/s53.VEO.Feces.Week_16_1.fastq.gz,/mnt/isilon/zackular_lab_hpc/data/DYNAMIC_metagenomics_2020/raw_fastq/s53.VEO.Feces.Week_16_2.fastq.gz
s.200.Healthy.Antibiotics.Feces.Baseline,/mnt/isilon/zackular_lab_hpc/data/DYNAMIC_metagenomics_2020/raw_fastq/s.200.Healthy.Antibiotics.Feces.Baseline_1.fastq.gz,/mnt/isilon/zackular_lab_hpc/data/DYNAMIC_metagenomics_2020/raw_fastq/s.200.Healthy.Antibiotics.Feces.Baseline_2.fastq.gz
s.86.Healthy_greaterthan5.Feces.Baseline,/mnt/isilon/zackular_lab_hpc/data/DYNAMIC_metagenomics_2020/raw_fastq/s.86.Healthy_greaterthan5.Feces.Baseline_1.fastq.gz,/mnt/isilon/zackular_lab_hpc/data/DYNAMIC_metagenomics_2020/raw_fastq/s.86.Healthy_greaterthan5.Feces.Baseline_2.fastq.gz
s20.C_diff.Feces.Visit3,/mnt/isilon/zackular_lab_hpc/data/DYNAMIC_metagenomics_2020/raw_fastq/s20.C_diff.Feces.Visit3_1.fastq.gz,/mnt/isilon/zackular_lab_hpc/data/DYNAMIC_metagenomics_2020/raw_fastq/s20.C_diff.Feces.Visit3_2.fastq.gz
s.316.IBDC.Diff.Stool.visit2.2544,/mnt/isilon/zackular_lab_hpc/data/DYNAMIC_metagenomics_2020/raw_fastq/s.316.IBDC.Diff.Stool.visit2.2544_1.fastq.gz,/mnt/isilon/zackular_lab_hpc/data/DYNAMIC_metagenomics_2020/raw_fastq/s.316.IBDC.Diff.Stool.visit2.2544_2.fastq.gz
s20.C_diff.Feces.Visit1,/mnt/isilon/zackular_lab_hpc/data/DYNAMIC_metagenomics_2020/raw_fastq/s20.C_diff.Feces.Visit1_1.fastq.gz,/mnt/isilon/zackular_lab_hpc/data/DYNAMIC_metagenomics_2020/raw_fastq/s20.C_diff.Feces.Visit1_2.fastq.gz
s35.IBD_Therapy.Feces.Week_4,/mnt/isilon/zackular_lab_hpc/data/DYNAMIC_metagenomics_2020/raw_fastq/s35.IBD_Therapy.Feces.Week_4_1.fastq.gz,/mnt/isilon/zackular_lab_hpc/data/DYNAMIC_metagenomics_2020/raw_fastq/s35.IBD_Therapy.Feces.Week_4_2.fastq.gz
s.359.IBDC.Diff.Stool.1.2917,/mnt/isilon/zackular_lab_hpc/data/DYNAMIC_metagenomics_2020/raw_fastq/s.359.IBDC.Diff.Stool.1.2917_1.fastq.gz,/mnt/isilon/zackular_lab_hpc/data/DYNAMIC_metagenomics_2020/raw_fastq/s.359.IBDC.Diff.Stool.1.2917_2.fastq.gz
s119.IBD_C.Diff.Feces.Baseline,/mnt/isilon/zackular_lab_hpc/data/DYNAMIC_metagenomics_2020/raw_fastq/s119.IBD_C.Diff.Feces.Baseline_1.fastq.gz,/mnt/isilon/zackular_lab_hpc/data/DYNAMIC_metagenomics_2020/raw_fastq/s119.IBD_C.Diff.Feces.Baseline_2.fastq.gz
s.147.IBD_Therapy.Feces.Week_8,/mnt/isilon/zackular_lab_hpc/data/DYNAMIC_metagenomics_2020/raw_fastq/s.147.IBD_Therapy.Feces.Week_8_1.fastq.gz,/mnt/isilon/zackular_lab_hpc/data/DYNAMIC_metagenomics_2020/raw_fastq/s.147.IBD_Therapy.Feces.Week_8_2.fastq.gz
s.100.Healthygreaterthan5.Stool.visit1.798,/mnt/isilon/zackular_lab_hpc/data/DYNAMIC_metagenomics_2020/raw_fastq/s.100.Healthygreaterthan5.Stool.visit1.798_1.fastq.gz,/mnt/isilon/zackular_lab_hpc/data/DYNAMIC_metagenomics_2020/raw_fastq/s.100.Healthygreaterthan5.Stool.visit1.798_2.fastq.gz
s.304.VEO.Stool.visit3.2491,/mnt/isilon/zackular_lab_hpc/data/DYNAMIC_metagenomics_2020/raw_fastq/s.304.VEO.Stool.visit3.2491_1.fastq.gz,/mnt/isilon/zackular_lab_hpc/data/DYNAMIC_metagenomics_2020/raw_fastq/s.304.VEO.Stool.visit3.2491_2.fastq.gz
s.225.IBD_Therapy.Feces.Week_4,/mnt/isilon/zackular_lab_hpc/data/DYNAMIC_metagenomics_2020/raw_fastq/s.225.IBD_Therapy.Feces.Week_4_1.fastq.gz,/mnt/isilon/zackular_lab_hpc/data/DYNAMIC_metagenomics_2020/raw_fastq/s.225.IBD_Therapy.Feces.Week_4_2.fastq.gz
s.233.Healthy.Antibiotics.Feces.Week.4,/mnt/isilon/zackular_lab_hpc/data/DYNAMIC_metagenomics_2020/raw_fastq/s.233.Healthy.Antibiotics.Feces.Week.4_1.fastq.gz,/mnt/isilon/zackular_lab_hpc/data/DYNAMIC_metagenomics_2020/raw_fastq/s.233.Healthy.Antibiotics.Feces.Week.4_2.fastq.gz
s.308.IBDC.Diff.Stool.visit2.2500,/mnt/isilon/zackular_lab_hpc/data/DYNAMIC_metagenomics_2020/raw_fastq/s.308.IBDC.Diff.Stool.visit2.2500_1.fastq.gz,/mnt/isilon/zackular_lab_hpc/data/DYNAMIC_metagenomics_2020/raw_fastq/s.308.IBDC.Diff.Stool.visit2.2500_2.fastq.gz
s061.IBD_Therapy.Feces.Week_4,/mnt/isilon/zackular_lab_hpc/data/DYNAMIC_metagenomics_2020/raw_fastq/s061.IBD_Therapy.Feces.Week_4_1.fastq.gz,/mnt/isilon/zackular_lab_hpc/data/DYNAMIC_metagenomics_2020/raw_fastq/s061.IBD_Therapy.Feces.Week_4_2.fastq.gz
s95.Healthy.lessthan5.Feces.Week.4,/mnt/isilon/zackular_lab_hpc/data/DYNAMIC_metagenomics_2020/raw_fastq/s95.Healthy.lessthan5.Feces.Week.4_1.fastq.gz,/mnt/isilon/zackular_lab_hpc/data/DYNAMIC_metagenomics_2020/raw_fastq/s95.Healthy.lessthan5.Feces.Week.4_2.fastq.gz
s70.Healthy_greaterthan5.Feces.Week_4,/mnt/isilon/zackular_lab_hpc/data/DYNAMIC_metagenomics_2020/raw_fastq/s70.Healthy_greaterthan5.Feces.Week_4_1.fastq.gz,/mnt/isilon/zackular_lab_hpc/data/DYNAMIC_metagenomics_2020/raw_fastq/s70.Healthy_greaterthan5.Feces.Week_4_2.fastq.gz
s.285.Healthylessthan5.Stool.visit3.2385,/mnt/isilon/zackular_lab_hpc/data/DYNAMIC_metagenomics_2020/raw_fastq/s.285.Healthylessthan5.Stool.visit3.2385_1.fastq.gz,/mnt/isilon/zackular_lab_hpc/data/DYNAMIC_metagenomics_2020/raw_fastq/s.285.Healthylessthan5.Stool.visit3.2385_2.fastq.gz
s70.Healthy_greaterthan5.Feces.Baseline,/mnt/isilon/zackular_lab_hpc/data/DYNAMIC_metagenomics_2020/raw_fastq/s70.Healthy_greaterthan5.Feces.Baseline_1.fastq.gz,/mnt/isilon/zackular_lab_hpc/data/DYNAMIC_metagenomics_2020/raw_fastq/s70.Healthy_greaterthan5.Feces.Baseline_2.fastq.gz
s.88.Healthy.greaterthan5.Feces.Week.4,/mnt/isilon/zackular_lab_hpc/data/DYNAMIC_metagenomics_2020/raw_fastq/s.88.Healthy.greaterthan5.Feces.Week.4_1.fastq.gz,/mnt/isilon/zackular_lab_hpc/data/DYNAMIC_metagenomics_2020/raw_fastq/s.88.Healthy.greaterthan5.Feces.Week.4_2.fastq.gz
s.327.Healthy.Antibiotics.Stool.1.2555,/mnt/isilon/zackular_lab_hpc/data/DYNAMIC_metagenomics_2020/raw_fastq/s.327.Healthy.Antibiotics.Stool.1.2555_1.fastq.gz,/mnt/isilon/zackular_lab_hpc/data/DYNAMIC_metagenomics_2020/raw_fastq/s.327.Healthy.Antibiotics.Stool.1.2555_2.fastq.gz
s157,/mnt/isilon/zackular_lab_hpc/data/DYNAMIC_metagenomics_2020/raw_fastq/s157_1.fastq.gz,/mnt/isilon/zackular_lab_hpc/data/DYNAMIC_metagenomics_2020/raw_fastq/s157_2.fastq.gz
s.293.Healthy.Antibiotics.Feces.week.4,/mnt/isilon/zackular_lab_hpc/data/DYNAMIC_metagenomics_2020/raw_fastq/s.293.Healthy.Antibiotics.Feces.week.4_1.fastq.gz,/mnt/isilon/zackular_lab_hpc/data/DYNAMIC_metagenomics_2020/raw_fastq/s.293.Healthy.Antibiotics.Feces.week.4_2.fastq.gz
s.358.IBD.Therapy.Stool.1.2766,/mnt/isilon/zackular_lab_hpc/data/DYNAMIC_metagenomics_2020/raw_fastq/s.358.IBD.Therapy.Stool.1.2766_1.fastq.gz,/mnt/isilon/zackular_lab_hpc/data/DYNAMIC_metagenomics_2020/raw_fastq/s.358.IBD.Therapy.Stool.1.2766_2.fastq.gz
s25.IBD_Therapy.Feces.Baseline,/mnt/isilon/zackular_lab_hpc/data/DYNAMIC_metagenomics_2020/raw_fastq/s25.IBD_Therapy.Feces.Baseline_1.fastq.gz,/mnt/isilon/zackular_lab_hpc/data/DYNAMIC_metagenomics_2020/raw_fastq/s25.IBD_Therapy.Feces.Baseline_2.fastq.gz
s108.IBD_Therapy.Feces.Week_8,/mnt/isilon/zackular_lab_hpc/data/DYNAMIC_metagenomics_2020/raw_fastq/s108.IBD_Therapy.Feces.Week_8_1.fastq.gz,/mnt/isilon/zackular_lab_hpc/data/DYNAMIC_metagenomics_2020/raw_fastq/s108.IBD_Therapy.Feces.Week_8_2.fastq.gz
s078.IBD.Therapy.Feces.Baseline,/mnt/isilon/zackular_lab_hpc/data/DYNAMIC_metagenomics_2020/raw_fastq/s078.IBD.Therapy.Feces.Baseline_1.fastq.gz,/mnt/isilon/zackular_lab_hpc/data/DYNAMIC_metagenomics_2020/raw_fastq/s078.IBD.Therapy.Feces.Baseline_2.fastq.gz
s.346.IBD.Antibiotics.Stool.3.2754,/mnt/isilon/zackular_lab_hpc/data/DYNAMIC_metagenomics_2020/raw_fastq/s.346.IBD.Antibiotics.Stool.3.2754_1.fastq.gz,/mnt/isilon/zackular_lab_hpc/data/DYNAMIC_metagenomics_2020/raw_fastq/s.346.IBD.Antibiotics.Stool.3.2754_2.fastq.gz
s.75.Healthy_greaterthan5.Feces.Baseline,/mnt/isilon/zackular_lab_hpc/data/DYNAMIC_metagenomics_2020/raw_fastq/s.75.Healthy_greaterthan5.Feces.Baseline_1.fastq.gz,/mnt/isilon/zackular_lab_hpc/data/DYNAMIC_metagenomics_2020/raw_fastq/s.75.Healthy_greaterthan5.Feces.Baseline_2.fastq.gz
s.349.IBDAntibiotics.Stool.2.2760,/mnt/isilon/zackular_lab_hpc/data/DYNAMIC_metagenomics_2020/raw_fastq/s.349.IBDAntibiotics.Stool.2.2760_1.fastq.gz,/mnt/isilon/zackular_lab_hpc/data/DYNAMIC_metagenomics_2020/raw_fastq/s.349.IBDAntibiotics.Stool.2.2760_2.fastq.gz
s30.IBDNaturalHistory.Feces.Visit1,/mnt/isilon/zackular_lab_hpc/data/DYNAMIC_metagenomics_2020/raw_fastq/s30.IBDNaturalHistory.Feces.Visit1_1.fastq.gz,/mnt/isilon/zackular_lab_hpc/data/DYNAMIC_metagenomics_2020/raw_fastq/s30.IBDNaturalHistory.Feces.Visit1_2.fastq.gz
s152.Healthy.Antibiotics.Feces.Week.8,/mnt/isilon/zackular_lab_hpc/data/DYNAMIC_metagenomics_2020/raw_fastq/s152.Healthy.Antibiotics.Feces.Week.8_1.fastq.gz,/mnt/isilon/zackular_lab_hpc/data/DYNAMIC_metagenomics_2020/raw_fastq/s152.Healthy.Antibiotics.Feces.Week.8_2.fastq.gz
s.100.Healthygreaterthan5.Stool.visit2.919,/mnt/isilon/zackular_lab_hpc/data/DYNAMIC_metagenomics_2020/raw_fastq/s.100.Healthygreaterthan5.Stool.visit2.919_1.fastq.gz,/mnt/isilon/zackular_lab_hpc/data/DYNAMIC_metagenomics_2020/raw_fastq/s.100.Healthygreaterthan5.Stool.visit2.919_2.fastq.gz
s.88.Healthy.greaterthan5.Feces.Week.8,/mnt/isilon/zackular_lab_hpc/data/DYNAMIC_metagenomics_2020/raw_fastq/s.88.Healthy.greaterthan5.Feces.Week.8_1.fastq.gz,/mnt/isilon/zackular_lab_hpc/data/DYNAMIC_metagenomics_2020/raw_fastq/s.88.Healthy.greaterthan5.Feces.Week.8_2.fastq.gz
s.212.IBD.Feces.Baseline,/mnt/isilon/zackular_lab_hpc/data/DYNAMIC_metagenomics_2020/raw_fastq/s.212.IBD.Feces.Baseline_1.fastq.gz,/mnt/isilon/zackular_lab_hpc/data/DYNAMIC_metagenomics_2020/raw_fastq/s.212.IBD.Feces.Baseline_2.fastq.gz
s172.IBD_CDiff.Feces.Week_4,/mnt/isilon/zackular_lab_hpc/data/DYNAMIC_metagenomics_2020/raw_fastq/s172.IBD_CDiff.Feces.Week_4_1.fastq.gz,/mnt/isilon/zackular_lab_hpc/data/DYNAMIC_metagenomics_2020/raw_fastq/s172.IBD_CDiff.Feces.Week_4_2.fastq.gz
s.357.IBDC.Diff.Stool.1.2836,/mnt/isilon/zackular_lab_hpc/data/DYNAMIC_metagenomics_2020/raw_fastq/s.357.IBDC.Diff.Stool.1.2836_1.fastq.gz,/mnt/isilon/zackular_lab_hpc/data/DYNAMIC_metagenomics_2020/raw_fastq/s.357.IBDC.Diff.Stool.1.2836_2.fastq.gz
s108.IBD_Therapy.Feces.Baseline,/mnt/isilon/zackular_lab_hpc/data/DYNAMIC_metagenomics_2020/raw_fastq/s108.IBD_Therapy.Feces.Baseline_1.fastq.gz,/mnt/isilon/zackular_lab_hpc/data/DYNAMIC_metagenomics_2020/raw_fastq/s108.IBD_Therapy.Feces.Baseline_2.fastq.gz
s065.IBD.Antibiotics.Feces.Week.4,/mnt/isilon/zackular_lab_hpc/data/DYNAMIC_metagenomics_2020/raw_fastq/s065.IBD.Antibiotics.Feces.Week.4_1.fastq.gz,/mnt/isilon/zackular_lab_hpc/data/DYNAMIC_metagenomics_2020/raw_fastq/s065.IBD.Antibiotics.Feces.Week.4_2.fastq.gz
s.357.IBDC.Diff.Stool.3.2865,/mnt/isilon/zackular_lab_hpc/data/DYNAMIC_metagenomics_2020/raw_fastq/s.357.IBDC.Diff.Stool.3.2865_1.fastq.gz,/mnt/isilon/zackular_lab_hpc/data/DYNAMIC_metagenomics_2020/raw_fastq/s.357.IBDC.Diff.Stool.3.2865_2.fastq.gz
s14.IBDNaturalHistory.Feces.Visit1,/mnt/isilon/zackular_lab_hpc/data/DYNAMIC_metagenomics_2020/raw_fastq/s14.IBDNaturalHistory.Feces.Visit1_1.fastq.gz,/mnt/isilon/zackular_lab_hpc/data/DYNAMIC_metagenomics_2020/raw_fastq/s14.IBDNaturalHistory.Feces.Visit1_2.fastq.gz
s.349.IBD.Antibiotics.Stool.1.2663,/mnt/isilon/zackular_lab_hpc/data/DYNAMIC_metagenomics_2020/raw_fastq/s.349.IBD.Antibiotics.Stool.1.2663_1.fastq.gz,/mnt/isilon/zackular_lab_hpc/data/DYNAMIC_metagenomics_2020/raw_fastq/s.349.IBD.Antibiotics.Stool.1.2663_2.fastq.gz
s.339.IBDC.Diff.Stool.2.2667,/mnt/isilon/zackular_lab_hpc/data/DYNAMIC_metagenomics_2020/raw_fastq/s.339.IBDC.Diff.Stool.2.2667_1.fastq.gz,/mnt/isilon/zackular_lab_hpc/data/DYNAMIC_metagenomics_2020/raw_fastq/s.339.IBDC.Diff.Stool.2.2667_2.fastq.gz
s95.Healthy.lessthan5.Feces.Baseline,/mnt/isilon/zackular_lab_hpc/data/DYNAMIC_metagenomics_2020/raw_fastq/s95.Healthy.lessthan5.Feces.Baseline_1.fastq.gz,/mnt/isilon/zackular_lab_hpc/data/DYNAMIC_metagenomics_2020/raw_fastq/s95.Healthy.lessthan5.Feces.Baseline_2.fastq.gz
s.84.Healthy_greaterthan5.Feces.Week_8,/mnt/isilon/zackular_lab_hpc/data/DYNAMIC_metagenomics_2020/raw_fastq/s.84.Healthy_greaterthan5.Feces.Week_8_1.fastq.gz,/mnt/isilon/zackular_lab_hpc/data/DYNAMIC_metagenomics_2020/raw_fastq/s.84.Healthy_greaterthan5.Feces.Week_8_2.fastq.gz
s.347.IBDTherapy.Stool.1.2668,/mnt/isilon/zackular_lab_hpc/data/DYNAMIC_metagenomics_2020/raw_fastq/s.347.IBDTherapy.Stool.1.2668_1.fastq.gz,/mnt/isilon/zackular_lab_hpc/data/DYNAMIC_metagenomics_2020/raw_fastq/s.347.IBDTherapy.Stool.1.2668_2.fastq.gz
s60.Healthy_greaterthan5.Feces.Week_8,/mnt/isilon/zackular_lab_hpc/data/DYNAMIC_metagenomics_2020/raw_fastq/s60.Healthy_greaterthan5.Feces.Week_8_1.fastq.gz,/mnt/isilon/zackular_lab_hpc/data/DYNAMIC_metagenomics_2020/raw_fastq/s60.Healthy_greaterthan5.Feces.Week_8_2.fastq.gz
s.225.IBD_Therapy.Feces.Week_8,/mnt/isilon/zackular_lab_hpc/data/DYNAMIC_metagenomics_2020/raw_fastq/s.225.IBD_Therapy.Feces.Week_8_1.fastq.gz,/mnt/isilon/zackular_lab_hpc/data/DYNAMIC_metagenomics_2020/raw_fastq/s.225.IBD_Therapy.Feces.Week_8_2.fastq.gz
s60.Healthy_greaterthan5.Feces.Week_4,/mnt/isilon/zackular_lab_hpc/data/DYNAMIC_metagenomics_2020/raw_fastq/s60.Healthy_greaterthan5.Feces.Week_4_1.fastq.gz,/mnt/isilon/zackular_lab_hpc/data/DYNAMIC_metagenomics_2020/raw_fastq/s60.Healthy_greaterthan5.Feces.Week_4_2.fastq.gz
s102.IBD.Therapy.Feces.Baseline,/mnt/isilon/zackular_lab_hpc/data/DYNAMIC_metagenomics_2020/raw_fastq/s102.IBD.Therapy.Feces.Baseline_1.fastq.gz,/mnt/isilon/zackular_lab_hpc/data/DYNAMIC_metagenomics_2020/raw_fastq/s102.IBD.Therapy.Feces.Baseline_2.fastq.gz
s067.Healthy.Antibiotics.Feces.Week.8,/mnt/isilon/zackular_lab_hpc/data/DYNAMIC_metagenomics_2020/raw_fastq/s067.Healthy.Antibiotics.Feces.Week.8_1.fastq.gz,/mnt/isilon/zackular_lab_hpc/data/DYNAMIC_metagenomics_2020/raw_fastq/s067.Healthy.Antibiotics.Feces.Week.8_2.fastq.gz
s.288.IBD.Therapy.Feces.week.4,/mnt/isilon/zackular_lab_hpc/data/DYNAMIC_metagenomics_2020/raw_fastq/s.288.IBD.Therapy.Feces.week.4_1.fastq.gz,/mnt/isilon/zackular_lab_hpc/data/DYNAMIC_metagenomics_2020/raw_fastq/s.288.IBD.Therapy.Feces.week.4_2.fastq.gz
s26.Healthy.Feces.Visit3,/mnt/isilon/zackular_lab_hpc/data/DYNAMIC_metagenomics_2020/raw_fastq/s26.Healthy.Feces.Visit3_1.fastq.gz,/mnt/isilon/zackular_lab_hpc/data/DYNAMIC_metagenomics_2020/raw_fastq/s26.Healthy.Feces.Visit3_2.fastq.gz
s061.IBD_Therapy.Feces.Baseline,/mnt/isilon/zackular_lab_hpc/data/DYNAMIC_metagenomics_2020/raw_fastq/s061.IBD_Therapy.Feces.Baseline_1.fastq.gz,/mnt/isilon/zackular_lab_hpc/data/DYNAMIC_metagenomics_2020/raw_fastq/s061.IBD_Therapy.Feces.Baseline_2.fastq.gz
s.327.Healthy.Antibiotics.Stool.3.2644,/mnt/isilon/zackular_lab_hpc/data/DYNAMIC_metagenomics_2020/raw_fastq/s.327.Healthy.Antibiotics.Stool.3.2644_1.fastq.gz,/mnt/isilon/zackular_lab_hpc/data/DYNAMIC_metagenomics_2020/raw_fastq/s.327.Healthy.Antibiotics.Stool.3.2644_2.fastq.gz
s.314.Healthy.Antibiotics.Stool.2.2505,/mnt/isilon/zackular_lab_hpc/data/DYNAMIC_metagenomics_2020/raw_fastq/s.314.Healthy.Antibiotics.Stool.2.2505_1.fastq.gz,/mnt/isilon/zackular_lab_hpc/data/DYNAMIC_metagenomics_2020/raw_fastq/s.314.Healthy.Antibiotics.Stool.2.2505_2.fastq.gz
s.74.Healthy_greaterthan5.Feces.Week_8,/mnt/isilon/zackular_lab_hpc/data/DYNAMIC_metagenomics_2020/raw_fastq/s.74.Healthy_greaterthan5.Feces.Week_8_1.fastq.gz,/mnt/isilon/zackular_lab_hpc/data/DYNAMIC_metagenomics_2020/raw_fastq/s.74.Healthy_greaterthan5.Feces.Week_8_2.fastq.gz
s115.Healthy_greaterthan5.Feces.Baseline,/mnt/isilon/zackular_lab_hpc/data/DYNAMIC_metagenomics_2020/raw_fastq/s115.Healthy_greaterthan5.Feces.Baseline_1.fastq.gz,/mnt/isilon/zackular_lab_hpc/data/DYNAMIC_metagenomics_2020/raw_fastq/s115.Healthy_greaterthan5.Feces.Baseline_2.fastq.gz
s.204.Healthy.Antibiotics.Feces.Week.8,/mnt/isilon/zackular_lab_hpc/data/DYNAMIC_metagenomics_2020/raw_fastq/s.204.Healthy.Antibiotics.Feces.Week.8_1.fastq.gz,/mnt/isilon/zackular_lab_hpc/data/DYNAMIC_metagenomics_2020/raw_fastq/s.204.Healthy.Antibiotics.Feces.Week.8_2.fastq.gz
s.201.IBD_Therapy.Feces.Week_4,/mnt/isilon/zackular_lab_hpc/data/DYNAMIC_metagenomics_2020/raw_fastq/s.201.IBD_Therapy.Feces.Week_4_1.fastq.gz,/mnt/isilon/zackular_lab_hpc/data/DYNAMIC_metagenomics_2020/raw_fastq/s.201.IBD_Therapy.Feces.Week_4_2.fastq.gz
s31.IBDNaturalHistory.Feces.Visit3,/mnt/isilon/zackular_lab_hpc/data/DYNAMIC_metagenomics_2020/raw_fastq/s31.IBDNaturalHistory.Feces.Visit3_1.fastq.gz,/mnt/isilon/zackular_lab_hpc/data/DYNAMIC_metagenomics_2020/raw_fastq/s31.IBDNaturalHistory.Feces.Visit3_2.fastq.gz
s.351.IBD.Antibiotics.Stool.1.2748,/mnt/isilon/zackular_lab_hpc/data/DYNAMIC_metagenomics_2020/raw_fastq/s.351.IBD.Antibiotics.Stool.1.2748_1.fastq.gz,/mnt/isilon/zackular_lab_hpc/data/DYNAMIC_metagenomics_2020/raw_fastq/s.351.IBD.Antibiotics.Stool.1.2748_2.fastq.gz
s55.IBD_Therapy.Feces.Week_4,/mnt/isilon/zackular_lab_hpc/data/DYNAMIC_metagenomics_2020/raw_fastq/s55.IBD_Therapy.Feces.Week_4_1.fastq.gz,/mnt/isilon/zackular_lab_hpc/data/DYNAMIC_metagenomics_2020/raw_fastq/s55.IBD_Therapy.Feces.Week_4_2.fastq.gz
s.84.Healthy_greaterthan5.Feces.Baseline,/mnt/isilon/zackular_lab_hpc/data/DYNAMIC_metagenomics_2020/raw_fastq/s.84.Healthy_greaterthan5.Feces.Baseline_1.fastq.gz,/mnt/isilon/zackular_lab_hpc/data/DYNAMIC_metagenomics_2020/raw_fastq/s.84.Healthy_greaterthan5.Feces.Baseline_2.fastq.gz
s172.IBD_CDiff.Feces.Week_8,/mnt/isilon/zackular_lab_hpc/data/DYNAMIC_metagenomics_2020/raw_fastq/s172.IBD_CDiff.Feces.Week_8_1.fastq.gz,/mnt/isilon/zackular_lab_hpc/data/DYNAMIC_metagenomics_2020/raw_fastq/s172.IBD_CDiff.Feces.Week_8_2.fastq.gz
s.358.IBDTherapy.Stool.2.2874,/mnt/isilon/zackular_lab_hpc/data/DYNAMIC_metagenomics_2020/raw_fastq/s.358.IBDTherapy.Stool.2.2874_1.fastq.gz,/mnt/isilon/zackular_lab_hpc/data/DYNAMIC_metagenomics_2020/raw_fastq/s.358.IBDTherapy.Stool.2.2874_2.fastq.gz
s.339.IBDC.Diff.Stool.1.2648,/mnt/isilon/zackular_lab_hpc/data/DYNAMIC_metagenomics_2020/raw_fastq/s.339.IBDC.Diff.Stool.1.2648_1.fastq.gz,/mnt/isilon/zackular_lab_hpc/data/DYNAMIC_metagenomics_2020/raw_fastq/s.339.IBDC.Diff.Stool.1.2648_2.fastq.gz
s065.IBD.Antibiotics.Feces.Baseline,/mnt/isilon/zackular_lab_hpc/data/DYNAMIC_metagenomics_2020/raw_fastq/s065.IBD.Antibiotics.Feces.Baseline_1.fastq.gz,/mnt/isilon/zackular_lab_hpc/data/DYNAMIC_metagenomics_2020/raw_fastq/s065.IBD.Antibiotics.Feces.Baseline_2.fastq.gz
s.154.VEO.Feces.Week.8,/mnt/isilon/zackular_lab_hpc/data/DYNAMIC_metagenomics_2020/raw_fastq/s.154.VEO.Feces.Week.8_1.fastq.gz,/mnt/isilon/zackular_lab_hpc/data/DYNAMIC_metagenomics_2020/raw_fastq/s.154.VEO.Feces.Week.8_2.fastq.gz
s.261.IBD_Therapy.Feces.Baseline,/mnt/isilon/zackular_lab_hpc/data/DYNAMIC_metagenomics_2020/raw_fastq/s.261.IBD_Therapy.Feces.Baseline_1.fastq.gz,/mnt/isilon/zackular_lab_hpc/data/DYNAMIC_metagenomics_2020/raw_fastq/s.261.IBD_Therapy.Feces.Baseline_2.fastq.gz
s.252.Healthy.Antibiotics.Feces.Week.4,/mnt/isilon/zackular_lab_hpc/data/DYNAMIC_metagenomics_2020/raw_fastq/s.252.Healthy.Antibiotics.Feces.Week.4_1.fastq.gz,/mnt/isilon/zackular_lab_hpc/data/DYNAMIC_metagenomics_2020/raw_fastq/s.252.Healthy.Antibiotics.Feces.Week.4_2.fastq.gz
s065.IBD.Antibiotics.Feces.Week.8,/mnt/isilon/zackular_lab_hpc/data/DYNAMIC_metagenomics_2020/raw_fastq/s065.IBD.Antibiotics.Feces.Week.8_1.fastq.gz,/mnt/isilon/zackular_lab_hpc/data/DYNAMIC_metagenomics_2020/raw_fastq/s065.IBD.Antibiotics.Feces.Week.8_2.fastq.gz
s.300.CDiff.Oncology.Feces.week.8,/mnt/isilon/zackular_lab_hpc/data/DYNAMIC_metagenomics_2020/raw_fastq/s.300.CDiff.Oncology.Feces.week.8_1.fastq.gz,/mnt/isilon/zackular_lab_hpc/data/DYNAMIC_metagenomics_2020/raw_fastq/s.300.CDiff.Oncology.Feces.week.8_2.fastq.gz
s151,/mnt/isilon/zackular_lab_hpc/data/DYNAMIC_metagenomics_2020/raw_fastq/s151_1.fastq.gz,/mnt/isilon/zackular_lab_hpc/data/DYNAMIC_metagenomics_2020/raw_fastq/s151_2.fastq.gz
s.314.Healthy.Antibiotics.Stool.1.2490,/mnt/isilon/zackular_lab_hpc/data/DYNAMIC_metagenomics_2020/raw_fastq/s.314.Healthy.Antibiotics.Stool.1.2490_1.fastq.gz,/mnt/isilon/zackular_lab_hpc/data/DYNAMIC_metagenomics_2020/raw_fastq/s.314.Healthy.Antibiotics.Stool.1.2490_2.fastq.gz
s077.IBD_C.Diff.Feces.Week_4,/mnt/isilon/zackular_lab_hpc/data/DYNAMIC_metagenomics_2020/raw_fastq/s077.IBD_C.Diff.Feces.Week_4_1.fastq.gz,/mnt/isilon/zackular_lab_hpc/data/DYNAMIC_metagenomics_2020/raw_fastq/s077.IBD_C.Diff.Feces.Week_4_2.fastq.gz
s49,/mnt/isilon/zackular_lab_hpc/data/DYNAMIC_metagenomics_2020/raw_fastq/s49_1.fastq.gz,/mnt/isilon/zackular_lab_hpc/data/DYNAMIC_metagenomics_2020/raw_fastq/s49_2.fastq.gz
s22.Healthy.Feces.Visit3,/mnt/isilon/zackular_lab_hpc/data/DYNAMIC_metagenomics_2020/raw_fastq/s22.Healthy.Feces.Visit3_1.fastq.gz,/mnt/isilon/zackular_lab_hpc/data/DYNAMIC_metagenomics_2020/raw_fastq/s22.Healthy.Feces.Visit3_2.fastq.gz
